Date,Close,Volume,Open,High,Low
2019-11-22,40200.0,1041320.0,41500.0,41500.0,39800.0
2019-11-21,41200.0,611690.0,41500.0,41700.0,41150.0
2019-11-20,41550.0,246520.0,41900.0,41900.0,41250.0
2019-11-19,41650.0,676040.0,41300.0,41700.0,41100.0
2019-11-18,41300.0,958470.0,41800.0,42200.0,41250.0
2019-11-15,42000.0,627650.0,42650.0,42700.0,42000.0
2019-11-14,42500.0,811080.0,43000.0,43000.0,42100.0
2019-11-13,42900.0,1804440.0,42200.0,42900.0,42200.0
2019-11-12,42100.0,1499510.0,41400.0,42200.0,41300.0
2019-11-11,41300.0,724450.0,41250.0,41900.0,41100.0
2019-11-08,41300.0,729880.0,41800.0,42000.0,41200.0
2019-11-07,41600.0,1105060.0,41300.0,41800.0,40800.0
2019-11-06,42200.0,821030.0,42350.0,42700.0,42200.0
2019-11-05,42500.0,898400.0,42300.0,42500.0,42150.0
2019-11-04,42200.0,1744250.0,41100.0,42450.0,41100.0
2019-11-01,41000.0,1180640.0,40500.0,41100.0,40300.0
2019-10-31,40600.0,777680.0,40200.0,40700.0,40050.0
2019-10-30,40200.0,760410.0,40500.0,40800.0,40150.0
2019-10-29,40600.0,921380.0,40900.0,40900.0,40000.0
2019-10-28,40600.0,800080.0,41100.0,41200.0,40600.0
2019-10-25,40200.0,968.0,40000.0,40550.0,39800.0
2019-10-24,40300.0,513.0,40100.0,40500.0,39750.0
2019-10-23,40100.0,455.0,40000.0,40300.0,39850.0
2019-10-22,40000.0,566.0,39300.0,40000.0,39300.0
2019-10-21,39300.0,1.0,39700.0,40000.0,39300.0
2019-10-18,40100.0,1.0,40800.0,40800.0,40000.0
2019-10-17,40800.0,801.0,41350.0,41350.0,40800.0
2019-10-16,41150.0,650.0,41400.0,41650.0,41150.0
2019-10-15,41400.0,631.0,41000.0,41550.0,41000.0
2019-10-14,41150.0,1.0,41000.0,41950.0,40850.0
2019-10-11,40800.0,552.0,41000.0,41200.0,40700.0
2019-10-10,41000.0,1.0,41250.0,41700.0,41000.0
2019-10-09,41250.0,1.0,41100.0,41800.0,40800.0
2019-10-08,41100.0,650.0,40400.0,41100.0,40100.0
2019-10-07,40400.0,807.0,40900.0,40900.0,40000.0
2019-10-04,40500.0,884.0,41300.0,41650.0,40500.0
2019-10-03,41250.0,1.0,39800.0,41250.0,39750.0
2019-10-02,40200.0,1.0,40000.0,40800.0,39950.0
2019-10-01,40000.0,862.0,39400.0,40000.0,39400.0
2019-09-30,39400.0,1.0,40200.0,40650.0,39400.0
2019-09-27,40250.0,876890.0,40300.0,40400.0,40050.0
2019-09-26,40150.0,888310.0,39900.0,40700.0,39900.0
2019-09-25,39900.0,1445080.0,39250.0,39900.0,38900.0
2019-09-24,39450.0,821180.0,39800.0,40000.0,39450.0
2019-09-23,39650.0,1089550.0,39700.0,40500.0,39600.0
2019-09-20,40000.0,2204400.0,40800.0,41100.0,39800.0
2019-09-19,40800.0,1029490.0,41200.0,41250.0,40750.0
2019-09-18,41150.0,1630310.0,40900.0,41250.0,40550.0
2019-09-17,41000.0,1566850.0,39700.0,41000.0,39400.0
2019-09-16,40000.0,1250810.0,39850.0,40800.0,39800.0
2019-09-13,39850.0,2303060.0,38850.0,39850.0,38600.0
2019-09-12,38650.0,1763420.0,38350.0,38750.0,38000.0
2019-09-11,38200.0,519270.0,38000.0,38400.0,37950.0
2019-09-10,38300.0,1003930.0,37950.0,38600.0,37800.0
2019-09-09,38100.0,801830.0,38000.0,38100.0,37750.0
2019-09-06,38000.0,1528000.0,38500.0,38500.0,37550.0
2019-09-05,38500.0,939140.0,38800.0,39050.0,38500.0
2019-09-04,38600.0,921560.0,38700.0,38800.0,38000.0
2019-09-03,38700.0,830420.0,38800.0,39100.0,38650.0
2019-08-30,38750.0,2186980.0,38200.0,38800.0,37950.0
2019-08-29,37900.0,1330160.0,37600.0,37900.0,37350.0
2019-08-28,37600.0,932680.0,37500.0,38000.0,37400.0
2019-08-27,37500.0,1170790.0,38300.0,38400.0,37500.0
2019-08-26,37850.0,1806980.0,36900.0,37850.0,36600.0
2019-08-23,37550.0,977030.0,37800.0,37800.0,37150.0
2019-08-22,37600.0,1618940.0,38000.0,38100.0,37500.0
2019-08-21,37850.0,2691400.0,36500.0,38250.0,36500.0
2019-08-20,36800.0,800200.0,36950.0,36950.0,36550.0
2019-08-19,36700.0,1132960.0,36500.0,37000.0,36300.0
2019-08-16,36000.0,3237040.0,35000.0,36700.0,34900.0
2019-08-15,35100.0,551130.0,34500.0,35100.0,34500.0
2019-08-14,35100.0,520650.0,35300.0,35400.0,34750.0
2019-08-13,34900.0,817060.0,35050.0,35400.0,34750.0
2019-08-12,35350.0,1373320.0,34850.0,35400.0,34050.0
2019-08-09,34700.0,997910.0,35000.0,35000.0,34200.0
2019-08-08,34700.0,908980.0,34700.0,35150.0,34650.0
2019-08-07,34700.0,1081380.0,35350.0,35500.0,34700.0
2019-08-06,35200.0,1229640.0,34500.0,35650.0,34500.0
2019-08-05,35800.0,1969000.0,35500.0,35800.0,35450.0
2019-08-02,35800.0,1824090.0,35000.0,36000.0,34900.0
2019-08-01,35450.0,744670.0,35500.0,35500.0,35050.0
2019-07-31,35500.0,933640.0,35000.0,35500.0,34700.0
2019-07-30,35000.0,1623110.0,35600.0,35600.0,34950.0
2019-07-29,35800.0,1351320.0,35700.0,35800.0,35300.0
2019-07-26,35800.0,2184360.0,35000.0,35900.0,35000.0
2019-07-25,35200.0,1316210.0,34300.0,35200.0,34300.0
2019-07-24,34450.0,1886280.0,35400.0,35400.0,34200.0
2019-07-23,35250.0,2132860.0,35750.0,35750.0,34700.0
2019-07-22,35750.0,2863060.0,35200.0,35950.0,35000.0
2019-07-19,34900.0,1713010.0,35000.0,35400.0,34700.0
2019-07-18,34700.0,1442460.0,34450.0,34700.0,34200.0
2019-07-17,34550.0,1551860.0,34500.0,34900.0,34250.0
2019-07-16,34550.0,3287930.0,33450.0,34550.0,33450.0
2019-07-15,33300.0,913470.0,33300.0,33500.0,33250.0
2019-07-12,33400.0,1417000.0,33500.0,33800.0,33300.0
2019-07-11,33450.0,2461040.0,32600.0,33500.0,32400.0
2019-07-10,32400.0,699090.0,32600.0,32850.0,32400.0
2019-07-09,32600.0,403680.0,32400.0,32700.000000000004,32400.0
2019-07-08,32550.0,564180.0,32900.0,32900.0,32400.0
2019-07-05,32800.0,1204780.0,32650.0,33200.0,32600.0
2019-07-04,32800.0,1147150.0,32400.0,32850.0,32200.000000000004
2019-07-03,32100.0,409880.0,32000.0,32400.0,32000.0
2019-07-02,32050.0,454740.0,32050.0,32400.0,32050.0
2019-07-01,32350.0,550440.0,32350.0,32500.0,32100.0
2019-06-28,31700.0,653190.0,31700.0,32200.000000000004,31400.0
2019-06-27,32000.0,664820.0,32000.0,32450.000000000004,32000.0
2019-06-26,32500.0,1052510.0,32000.0,32550.0,31900.0
2019-06-25,32100.0,734450.0,32600.0,32700.000000000004,32100.0
2019-06-24,32600.0,750120.0,32650.0,33000.0,32400.0
2019-06-21,32500.0,501660.0,32700.000000000004,32950.0,32450.000000000004
2019-06-20,32650.0,1142380.0,32000.0,32700.000000000004,31900.0
2019-06-19,32000.0,461820.0,32000.0,32400.0,31950.0
2019-06-18,32000.0,273680.0,31900.0,32100.0,31700.0
2019-06-17,32100.0,693710.0,32200.000000000004,32550.0,31950.0
2019-06-14,32150.0,1589620.0,31700.0,32250.0,31500.0
2019-06-13,31500.0,289140.0,31400.0,31750.0,31400.0
2019-06-12,31500.0,351310.0,31700.0,31900.0,31450.0
2019-06-11,31900.0,584390.0,31800.0,32000.0,31600.0
2019-06-10,31700.0,471530.0,31800.0,32100.0,31700.0
2019-06-07,31700.0,459310.0,31300.0,31700.0,31300.0
2019-06-06,31300.0,329600.0,31400.0,31700.0,30900.0
2019-06-05,31400.0,482730.0,32000.0,32200.000000000004,31400.0
2019-06-04,32000.0,867040.0,30600.0,32000.0,30550.0
2019-06-03,30600.0,1299050.0,31400.0,31500.0,30600.0
2019-05-31,31500.0,914150.0,31650.0,31900.0,31450.0
2019-05-30,31800.0,671830.0,32200.000000000004,32300.0,31800.0
2019-05-29,32000.0,896960.0,32300.0,32450.000000000004,31950.0
2019-05-28,32300.0,881610.0,32500.0,32800.0,32150.0
2019-05-27,32600.0,526030.0,32500.0,32700.000000000004,32400.0
2019-05-24,32500.0,1510920.0,33100.0,33250.0,32500.0
2019-05-23,33400.0,795270.0,33000.0,33400.0,32600.0
2019-05-22,33200.0,1262730.0,33200.0,33600.0,33050.0
2019-05-21,33050.0,1716340.0,32700.000000000004,33250.0,32600.0
2019-05-20,32700.000000000004,960860.0,32100.0,32900.0,32100.0
2019-05-17,32150.0,938600.0,32700.000000000004,32700.000000000004,32000.0
2019-05-16,32600.0,776200.0,32950.0,33000.0,32450.000000000004
2019-05-15,32900.0,1460060.0,32600.0,33100.0,32300.0
2019-05-14,32400.0,1091640.0,32450.000000000004,32600.0,32000.0
2019-05-13,32700.000000000004,778440.0,32000.0,32800.0,32000.0
2019-05-10,32000.0,1098030.0,31500.0,32200.000000000004,31400.0
2019-05-09,31100.0,1937960.0,32650.0,32800.0,31000.0
2019-05-08,32350.0,1127910.0,32700.000000000004,33000.0,32350.0
2019-05-07,33100.0,949150.0,33300.0,33900.0,32900.0
2019-05-06,33100.0,1220260.0,33650.0,33900.0,33000.0
2019-05-03,34200.0,555330.0,34500.0,34800.0,34200.0
2019-05-02,34500.0,483460.0,35000.0,35000.0,34500.0
2019-04-26,34800.0,484200.0,34500.0,34900.0,34500.0
2019-04-25,34500.0,464620.0,34600.0,35000.0,34500.0
2019-04-24,34600.0,538100.0,34500.0,34800.0,34300.0
2019-04-23,34200.0,1005740.0,34600.0,34600.0,33950.0
2019-04-22,34200.0,687460.0,34850.0,34850.0,33950.0
2019-04-19,34850.0,293870.0,34800.0,35200.0,34700.0
2019-04-18,34800.0,1016060.0,34800.0,35400.0,34650.0
2019-04-17,34800.0,852450.0,35500.0,35500.0,34800.0
2019-04-16,35500.0,1404520.0,34600.0,35600.0,34200.0
2019-04-12,34750.0,894410.0,35100.0,35200.0,34700.0
2019-04-11,35150.0,643960.0,35300.0,35500.0,34950.0
2019-04-10,35200.0,522520.0,35750.0,35800.0,35200.0
2019-04-09,35750.0,2081540.0,35500.0,36200.0,35500.0
2019-04-08,35500.0,1042660.0,34800.0,35550.0,34800.0
2019-04-05,35050.0,737650.0,35300.0,35700.0,34800.0
2019-04-04,35300.0,1058540.0,36000.0,36000.0,35150.0
2019-04-03,35700.0,1895710.0,34800.0,36100.0,34450.0
2019-04-02,34800.0,1453530.0,36000.0,36000.0,34800.0
2019-04-01,35500.0,909820.0,35800.0,36300.0,35300.0
2019-03-29,35800.0,1654790.0,35600.0,36000.0,35600.0
2019-03-28,35600.0,2196570.0,34450.0,35850.0,34450.0
2019-03-27,34900.0,1236550.0,34850.0,35100.0,34300.0
2019-03-26,34300.0,1042090.0,34900.0,35100.0,34200.0
2019-03-25,34500.0,2092900.0,34100.0,35000.0,33500.0
2019-03-22,35100.0,1877120.0,35400.0,35700.0,34800.0
2019-03-21,34800.0,2239650.0,36250.0,36650.0,34800.0
2019-03-20,36100.0,2700620.0,36150.0,36500.0,35500.0
2019-03-19,36600.0,2819110.0,37150.0,37300.0,36500.0
2019-03-18,37300.0,2925810.0,37200.0,37600.0,36900.0
2019-03-15,37200.0,3180240.0,36200.0,37500.0,35900.0
2019-03-14,36200.0,2651040.0,35600.0,36700.0,35200.0
2019-03-13,35600.0,2860920.0,35300.0,35950.0,35200.0
2019-03-12,35500.0,1690500.0,34100.0,35500.0,33800.0
2019-03-11,33650.0,1137250.0,34100.0,34100.0,33450.0
2019-03-08,34000.0,1808960.0,34450.0,34700.0,33900.0
2019-03-07,34900.0,1702650.0,35000.0,35250.0,34700.0
2019-03-06,34750.0,1601660.0,34600.0,34900.0,34400.0
2019-03-05,34600.0,4215640.0,33200.0,35300.0,33200.0
2019-03-04,33600.0,918340.0,33100.0,33750.0,33000.0
2019-03-01,32850.0,1153130.0,32600.0,33100.0,32600.0
2019-02-28,32500.0,1793480.0,33600.0,33750.0,32500.0
2019-02-27,33600.0,749060.0,33600.0,33950.0,33500.0
2019-02-26,33600.0,1409740.0,33700.0,34000.0,33500.0
2019-02-25,34000.0,1687500.0,34500.0,34500.0,33700.0
2019-02-22,34000.0,1459730.0,34200.0,34700.0,34000.0
2019-02-21,34250.0,2157870.0,34250.0,34650.0,34000.0
2019-02-20,34000.0,2361110.0,32800.0,34900.0,32650.0
2019-02-19,32900.0,1143130.0,33500.0,33750.0,32900.0
2019-02-18,33500.0,955540.0,33500.0,33700.0,33200.0
2019-02-15,33150.0,1622530.0,32350.0,33800.0,32100.0
2019-02-14,32400.0,1018550.0,32500.0,32550.0,32350.0
2019-02-13,32500.0,1557810.0,32550.0,32600.0,32250.0
2019-02-12,32450.000000000004,1395780.0,32050.0,32700.000000000004,32050.0
2019-02-11,31950.0,631710.0,31850.0,32250.0,31800.0
2019-02-01,31600.0,537050.0,31450.0,31850.0,31400.0
2019-01-31,31500.0,678130.0,32200.000000000004,32200.000000000004,31500.0
2019-01-30,31700.0,429410.0,31900.0,32250.0,31600.0
2019-01-29,31700.0,635890.0,31900.0,31900.0,31550.0
2019-01-28,31900.0,545190.0,32050.0,32350.0,31800.0
2019-01-25,32050.0,570980.0,32700.000000000004,32700.000000000004,32000.0
2019-01-24,32500.0,579540.0,32550.0,32850.0,32500.0
2019-01-23,32700.000000000004,457760.0,32400.0,32850.0,32100.0
2019-01-22,32750.0,563940.0,32900.0,33100.0,32700.000000000004
2019-01-21,32850.0,1207560.0,32000.0,33350.0,31700.0
2019-01-18,31700.0,509140.0,31950.0,32300.0,31650.0
2019-01-17,31950.0,297560.0,32200.000000000004,32400.0,31900.0
2019-01-16,32200.000000000004,363680.0,32200.000000000004,32750.0,32200.000000000004
2019-01-15,32500.0,580710.0,31750.0,32800.0,31750.0
2019-01-14,31900.0,755920.0,31900.0,32350.0,31450.0
2019-01-11,31900.0,941940.0,32500.0,32800.0,31850.0
2019-01-10,32500.0,410690.0,33000.0,33100.0,32500.0
2019-01-09,33000.0,1075730.0,32300.0,33050.0,32100.0
2019-01-08,32000.0,558540.0,32600.0,32600.0,31900.0
2019-01-07,32300.0,806060.0,32000.0,33000.0,32000.0
2019-01-04,31550.0,1457300.0,31500.0,31950.0,30800.0
2019-01-03,32000.0,1107500.0,33500.0,33800.0,32000.0
2019-01-02,33500.0,805700.0,33500.0,34400.0,33450.0
2018-12-28,34400.0,2131820.0,33800.0,34400.0,33650.0
2018-12-27,34000.0,1643520.0,33800.0,34450.0,33550.0
2018-12-26,32600.0,1036860.0,32750.0,33450.0,32550.0
2018-12-25,32750.0,1827680.0,33200.0,33750.0,31700.0
2018-12-24,34000.0,1857900.0,34000.0,34750.0,33800.0
2018-12-21,34000.0,706310.0,33800.0,34050.0,33400.0
2018-12-20,33950.0,1635620.0,33500.0,34250.0,33400.0
2018-12-19,33300.0,1314340.0,33650.0,33950.0,33300.0
2018-12-18,33650.0,2348370.0,32700.000000000004,33650.0,32500.0
2018-12-17,33200.0,2272850.0,33450.0,34050.0,33200.0
2018-12-14,33900.0,1214630.0,34200.0,34800.0,33800.0
2018-12-13,34300.0,1610470.0,34950.0,34950.0,34300.0
2018-12-12,34650.0,2225990.0,33700.0,34650.0,33400.0
2018-12-11,33550.0,1148790.0,33700.0,33850.0,33400.0
2018-12-10,33700.0,1556580.0,33700.0,34100.0,33250.0
2018-12-07,33700.0,1220210.0,33800.0,34400.0,33650.0
2018-12-06,33700.0,1984110.0,33700.0,33850.0,33200.0
2018-12-05,33850.0,2574670.0,33000.0,34050.0,32800.0
2018-12-04,33400.0,2374250.0,33550.0,34100.0,33200.0
2018-12-03,33550.0,3464870.0,32000.0,33550.0,31800.0
2018-11-30,31400.0,2611400.0,30600.0,31800.0,30600.0
2018-11-29,31250.0,2480990.0,31550.0,32000.0,31250.0
2018-11-28,31550.0,764130.0,31450.0,31650.0,31300.0
2018-11-27,31450.0,1382030.0,31900.0,32000.0,31000.0
2018-11-26,31650.0,790910.0,31400.0,31950.0,31400.0
2018-11-23,31700.0,1340870.0,31800.0,32100.0,31600.0
2018-11-22,31850.0,1866110.0,32200.000000000004,32450.000000000004,31800.0
2018-11-21,32000.0,1747970.0,31200.0,32200.000000000004,31150.0
2018-11-20,31700.0,1301980.0,31450.0,32000.0,31450.0
2018-11-19,32200.000000000004,1520580.0,32200.000000000004,32550.0,32000.0
2018-11-16,32200.000000000004,2339880.0,31500.0,32450.000000000004,31500.0
2018-11-15,31000.0,1574190.0,30000.0,31800.0,29900.0
2018-11-14,30000.0,1511410.0,31000.0,31500.0,30000.0
2018-11-13,31000.0,2054350.0,31300.0,31750.0,31000.0
2018-11-12,32200.000000000004,1332890.0,31100.0,32450.000000000004,31100.0
2018-11-09,31700.0,1790150.0,32200.000000000004,32500.0,31650.0
2018-11-08,32450.000000000004,1728670.0,33500.0,33500.0,32400.0
2018-11-07,32450.000000000004,2117240.0,32000.0,32850.0,31900.0
2018-11-06,32000.0,1834970.0,33000.0,33150.0,31850.0
2018-11-05,32800.0,1732340.0,32000.0,32800.0,31600.0
2018-11-02,32450.000000000004,3469490.0,31000.0,32450.000000000004,30800.0
2018-11-01,30350.0,2974110.0,31450.0,31500.0,30300.0
2018-10-31,29500.0,1670350.0,28500.0,29500.0,28200.0
2018-10-30,27600.0,3140410.0,28500.0,29700.0,27600.0
2018-10-29,28900.0,2482950.0,30500.0,30800.0,28800.0
2018-10-26,30600.0,1877950.0,32000.0,32300.0,30600.0
2018-10-25,31200.0,4592300.0,30350.0,32000.0,30350.0
2018-10-24,32600.0,2230710.0,34900.0,35000.0,32600.0
2018-10-23,34900.0,3648830.0,34800.0,35200.0,33500.0
2018-10-22,35000.0,3643590.0,35000.0,35450.0,34700.0
2018-10-19,34600.0,2010830.0,34000.0,34750.0,33800.0
2018-10-18,34600.0,3352560.0,34400.0,35150.0,33800.0
2018-10-17,34600.0,2870340.0,34000.0,34800.0,33950.0
2018-10-16,33500.0,1574440.0,32600.0,33500.0,32600.0
2018-10-15,32600.0,1199560.0,34000.0,34000.0,32600.0
2018-10-12,33800.0,2660970.0,33000.0,34150.0,32000.0
2018-10-11,32900.0,6573500.0,32900.0,34300.0,32900.0
2018-10-10,35350.0,2080020.0,36200.0,36200.0,35200.0
2018-10-09,36100.0,1270140.0,36100.0,36500.0,35800.0
2018-10-08,36000.0,3268360.0,35200.0,36200.0,34900.0
2018-10-05,35500.0,2834960.0,36400.0,36600.0,35500.0
2018-10-04,36750.0,1879790.0,36700.0,36800.0,36300.0
2018-10-03,36650.0,2361360.0,36300.0,36750.0,36200.0
2018-10-02,36200.0,5199330.0,34800.0,36400.0,34500.0
2018-10-01,34750.0,1733190.0,35200.0,35500.0,34600.0
2018-09-28,35200.0,2822910.0,34900.0,35650.0,34700.0
2018-09-27,34650.0,2074090.0,35000.0,35050.0,34650.0
2018-09-26,34900.0,1956500.0,34950.0,35450.0,34900.0
2018-09-25,35000.0,1820120.0,34750.0,35600.0,34600.0
2018-09-24,34900.0,2423940.0,35300.0,35600.0,34850.0
2018-09-21,35300.0,4631020.0,35700.0,35750.0,34650.0
2018-09-20,35500.0,2304800.0,35300.0,35750.0,34850.0
2018-09-19,35300.0,2943070.0,35500.0,35950.0,35200.0
2018-09-18,35250.0,4127500.0,33800.0,35300.0,33500.0
2018-09-17,34200.0,2164200.0,34700.0,35100.0,34200.0
2018-09-14,34850.0,1656240.0,35300.0,35500.0,34700.0
2018-09-13,35000.0,2984670.0,35200.0,35500.0,34500.0
2018-09-12,34750.0,2528070.0,35500.0,35600.0,34750.0
2018-09-11,35300.0,4371130.0,34000.0,35400.0,33900.0
2018-09-10,34000.0,3078830.0,33800.0,34500.0,33500.0
2018-09-07,33900.0,3171020.0,32500.0,34150.0,32500.0
2018-09-06,32750.0,1923190.0,33100.0,33200.0,32400.0
2018-09-05,33100.0,3283340.0,32200.000000000004,33350.0,32150.0
2018-09-04,32500.0,4088990.0,34000.0,34000.0,32200.000000000004
2018-08-31,34400.0,2336200.0,34800.0,35000.0,34300.0
2018-08-30,34900.0,3286300.0,33600.0,34900.0,33500.0
2018-08-29,33650.0,2319810.0,33700.0,34100.0,33550.0
2018-08-28,33700.0,2582530.0,34300.0,34300.0,33300.0
2018-08-27,34000.0,2541980.0,33700.0,34100.0,33450.0
2018-08-24,33400.0,2775350.0,32600.0,33550.0,32600.0
2018-08-23,33050.0,3335590.0,32700.000000000004,33500.0,32200.000000000004
2018-08-22,32500.0,4346680.0,33200.0,33700.0,32400.0
2018-08-21,33000.0,4070460.0,31000.0,33000.0,31000.0
2018-08-20,31400.0,3573200.0,31000.0,31800.0,30800.0
2018-08-17,31100.0,4664800.0,30600.0,31700.0,30100.0
2018-08-16,30000.0,5017400.0,28950.0,30050.0,28000.0
2018-08-15,29300.0,4946070.0,30500.0,30700.0,28600.0
2018-08-14,30000.0,2187220.0,30500.0,30650.0,29900.0
2018-08-13,30500.0,3670180.0,29700.0,30850.0,29600.0
2018-08-10,29900.0,4423770.0,28600.0,29900.0,28500.0
2018-08-09,28850.0,3444030.0,29500.0,29800.0,28800.0
2018-08-08,29200.0,4507240.0,27500.0,29200.0,27500.0
2018-08-07,27450.0,3707270.0,26300.0,27700.0,26300.0
2018-08-06,26850.0,3262290.0,26600.0,27600.0,26050.0
2018-08-03,26550.0,2585620.0,26600.0,26700.0,26300.0
2018-08-02,26200.0,3523250.0,26000.0,26200.0,25300.0
2018-08-01,26300.0,3487790.0,26300.0,26800.0,26000.0
2018-07-31,26300.0,5307160.0,26200.0,26950.0,25850.0
2018-07-30,26300.0,3793610.0,25200.0,26300.0,25000.0
2018-07-27,24800.0,2031060.0,24100.0,24950.0,24000.0
2018-07-26,24100.0,2364560.0,23600.0,24100.0,23250.0
2018-07-25,23600.0,2773760.0,25000.0,25150.0,23600.0
2018-07-24,24800.0,2591310.0,24700.0,25500.0,24000.0
2018-07-23,24800.0,3124370.0,24800.0,26200.0,24800.0
2018-07-20,25400.0,4279270.0,25400.0,25900.0,24800.0
2018-07-19,25800.0,3344910.0,26000.0,26200.0,25500.0
2018-07-18,26150.0,4012340.0,25000.0,26200.0,24900.0
2018-07-17,24900.0,3991770.0,23600.0,25150.0,23600.0
2018-07-16,24150.0,2912010.0,24000.0,24400.0,23700.0
2018-07-13,23500.0,3138160.0,23500.0,24000.0,23300.0
2018-07-12,23000.0,2508790.0,23000.0,23600.0,22050.0
2018-07-11,22100.0,5441810.0,22800.0,23000.0,22000.0
2018-07-10,23650.0,3612750.0,23700.0,24350.0,23400.0
2018-07-09,23300.0,5423120.0,23600.0,24400.0,23250.0
2018-07-06,23100.0,5061910.0,21400.0,23100.0,20850.0
2018-07-05,21600.0,3044050.0,22550.0,23050.0,21300.0
2018-07-04,22900.0,4641640.0,23050.0,23150.0,21950.0
2018-07-03,23050.0,4944960.0,24800.0,25150.0,23050.0
2018-07-02,24750.0,3542250.0,25500.0,26000.0,24350.0
2018-06-29,26000.0,2112720.0,26000.0,26700.0,25700.0
2018-06-28,25900.0,3833920.0,26400.0,26800.0,25800.0
2018-06-27,26800.0,1931320.0,27800.0,28200.0,26800.0
2018-06-26,27800.0,1283390.0,27500.0,28100.0,27300.0
2018-06-25,28200.0,1937980.0,28050.0,28650.0,27900.0
2018-06-22,27500.0,2281830.0,26050.0,27650.0,26050.0
2018-06-21,26800.0,2073850.0,27600.0,28000.0,26600.0
2018-06-20,28000.0,2364060.0,27100.0,28000.0,26650.0
2018-06-19,26800.0,5460120.0,26800.0,27000.0,25400.0
2018-06-18,27300.0,2873220.0,29000.0,29050.0,27200.0
2018-06-15,29000.0,2262000.0,28000.0,29000.0,27800.0
2018-06-14,28300.0,3869180.0,29700.0,29900.0,28300.0
2018-06-13,29650.0,1672030.0,29600.0,30000.0,29150.0
2018-06-12,29600.0,4314510.0,30300.0,30500.0,28850.0
2018-06-11,31000.0,2320290.0,31100.0,31950.0,31000.0
2018-06-08,31500.0,2683390.0,31200.0,31700.0,30800.0
2018-06-07,31200.0,3704890.0,31800.0,32200.000000000004,31200.0
2018-06-06,31800.0,2532640.0,30450.0,31800.0,29800.0
2018-06-05,30400.0,3066250.0,30300.0,31200.0,29600.0
2018-06-04,30500.0,4878280.0,29000.0,30600.0,28400.0
2018-06-01,29700.0,3634920.0,29000.0,30700.0,28800.0
2018-05-31,29250.0,3412580.0,27300.0,29400.0,27300.0
2018-05-30,27600.0,2144210.0,28000.0,28500.0,27350.0
2018-05-29,27600.0,2874020.0,26500.0,27600.0,25800.0
2018-05-28,25800.0,3902270.0,27100.0,27200.0,25800.0
2018-05-25,27700.0,2161610.0,29850.0,30100.0,27700.0
2018-05-24,29650.0,1089040.0,30500.0,30750.0,29450.0
2018-05-23,30450.0,1819230.0,28800.0,30500.0,28750.0
2018-05-22,29300.0,3119620.0,31000.0,31400.0,29300.0
2018-05-21,31500.0,2405890.0,32950.0,32950.0,31500.0
2018-05-18,32950.0,2937450.0,33000.0,33400.0,31000.0
2018-05-17,33000.0,1502680.0,33200.0,33500.0,32700.000000000004
2018-05-16,33200.0,1856760.0,34100.0,34300.0,33150.0
2018-05-15,34600.0,2221560.0,34300.0,35000.0,34000.0
2018-05-14,34300.0,918220.0,34600.0,34700.0,33700.0
2018-05-11,34000.0,2116330.0,32700.000000000004,34200.0,31500.0
2018-05-10,32700.000000000004,2834040.0,34400.0,35600.0,32550.0
2018-05-09,35000.0,1843140.0,35000.0,36250.0,34500.0
2018-05-08,35500.0,3013460.0,34750.0,36950.0,34400.0
2018-05-07,34750.0,3558490.0,32950.0,34750.0,31700.0
2018-05-04,32500.0,1599340.0,34100.0,34500.0,32500.0
2018-05-03,33700.0,4169480.0,32200.000000000004,34900.0,31250.0
2018-05-02,33600.0,1868640.0,33600.0,36900.0,33600.0
2018-04-27,36100.0,2026830.0,36400.0,38100.0,36000.0
2018-04-26,36500.0,2207270.0,37800.0,38500.0,35500.0
2018-04-24,38000.0,2503080.0,37000.0,38500.0,35900.0
2018-04-23,36700.0,3210890.0,39800.0,40650.0,36700.0
2018-04-20,39450.0,2415490.0,38500.0,39550.0,37000.0
2018-04-19,38000.0,2755020.0,40200.0,40400.0,37800.0
2018-04-18,40200.0,1196420.0,42700.0,42700.0,40200.0
2018-04-17,41900.0,2516280.0,40000.0,41900.0,39700.0
2018-04-16,40000.0,2207540.0,41000.0,42000.0,40000.0
2018-04-13,42000.0,3369270.0,44500.0,44800.0,41700.0
2018-04-12,44400.0,1816480.0,44300.0,45000.0,43600.0
2018-04-11,44500.0,2384910.0,46800.0,46800.0,44000.0
2018-04-10,45500.0,4181500.0,44900.0,46400.0,44800.0
2018-04-09,44400.0,2724810.0,44300.0,45000.0,43400.0
2018-04-06,44000.0,1469830.0,44200.0,44700.0,43800.0
2018-04-05,44000.0,1744010.0,44800.0,44800.0,43750.0
2018-04-04,44800.0,1511210.0,45100.0,45450.0,44800.0
2018-04-03,45100.0,1340170.0,45300.0,45800.0,44700.0
2018-04-02,45000.0,2610170.0,43800.0,45000.0,42950.0
2018-03-30,43400.0,2211040.0,43800.0,43950.0,42650.0
2018-03-29,44000.0,896470.0,44550.0,44700.0,43800.0
2018-03-28,44550.0,1672540.0,44000.0,44750.0,43400.0
2018-03-27,44100.0,2941390.0,46000.0,46600.0,44100.0
2018-03-26,44900.0,1932890.0,42000.0,44900.0,42000.0
2018-03-23,42350.0,3661530.0,43500.0,43600.0,41400.0
2018-03-22,44300.0,2525390.0,43500.0,44500.0,43250.0
2018-03-21,43500.0,1606790.0,43500.0,43800.0,42600.0
2018-03-20,42500.0,1866550.0,41200.0,43100.0,41000.0
2018-03-19,41700.0,2366180.0,43000.0,43100.0,41200.0
2018-03-16,42800.0,2628200.0,42800.0,43500.0,41800.0
2018-03-15,41700.0,3528060.0,39000.0,41700.0,38700.0
2018-03-14,39000.0,1996080.0,39800.0,39800.0,38900.0
2018-03-13,39200.0,1980080.0,38600.0,39200.0,38000.0
2018-03-12,38600.0,2014660.0,38600.0,39000.0,38000.0
2018-03-09,37250.0,2263330.0,37500.0,38000.0,37000.0
2018-03-08,37200.0,1132070.0,37500.0,38000.0,37000.0
2018-03-07,37500.0,2053190.0,38000.0,38100.0,36900.0
2018-03-06,37650.0,2525060.0,36000.0,37650.0,35450.0
2018-03-05,35200.0,2589100.0,38250.0,38400.0,35200.0
2018-03-02,37800.0,2378830.0,37000.0,38000.0,36900.0
2018-03-01,37800.0,2634150.0,38600.0,39600.0,37500.0
2018-02-28,39000.0,4521850.0,37900.0,39500.0,37650.0
2018-02-27,38150.0,2216610.0,38100.0,38800.0,37600.0
2018-02-26,38100.0,3516600.0,37900.0,38750.0,37400.0
2018-02-23,37100.0,3624350.0,37000.0,37500.0,35900.0
2018-02-22,36800.0,2856780.0,37000.0,38600.0,36750.0
2018-02-21,37400.0,2137010.0,36000.0,37850.0,35600.0
2018-02-13,35400.0,2458380.0,36400.0,36500.0,35000.0
2018-02-12,34550.0,2363270.0,33000.0,34550.0,32500.0
2018-02-09,32300.0,1800170.0,30000.0,33000.0,29950.0
2018-02-08,32200.000000000004,2043470.0,31200.0,32800.0,31200.0
2018-02-07,31200.0,2058050.0,31200.0,31200.0,30000.0
2018-02-06,29200.0,3316700.0,29200.0,30800.0,29200.0
2018-02-05,31350.0,2790640.0,33200.0,33400.0,31350.0
2018-02-02,33700.0,1771520.0,33300.0,34300.0,33100.0
2018-02-01,33700.0,1894280.0,34500.0,34550.0,32900.0
2018-01-31,34200.0,1755870.0,37200.0,37250.0,34200.0
2018-01-30,36000.0,3283230.0,32850.0,36000.0,32850.0
2018-01-29,34600.0,4395390.0,33000.0,34750.0,33000.0
2018-01-26,32500.0,5677170.0,32500.0,32500.0,31500.0
2018-01-25,30400.0,7986250.0,29100.0,30400.0,28800.0
2018-01-22,28450.0,5040120.0,26900.0,28600.0,26850.0
2018-01-19,26900.0,3553540.0,27200.0,27300.0,26600.0
2018-01-18,27100.0,1833010.0,26600.0,27100.0,26300.0
2018-01-17,27000.0,2847680.0,27700.0,28100.0,27000.0
2018-01-16,27700.0,2368450.0,27350.0,27900.0,27250.0
2018-01-15,27300.0,1787190.0,27050.0,27700.0,26750.0
2018-01-12,27250.0,2484840.0,27200.0,27550.0,27100.0
2018-01-11,27600.0,1566970.0,27500.0,27750.0,27150.0
2018-01-10,27450.0,2817750.0,27400.0,28250.0,27300.0
2018-01-09,27400.0,4214750.0,27850.0,27950.0,26000.0
2018-01-08,27850.0,2053870.0,27700.0,28200.0,27400.0
2018-01-05,27400.0,1908830.0,27500.0,27550.0,26950.0
2018-01-04,27550.0,4424190.0,26800.0,27700.0,26550.0
2018-01-03,26800.0,2458110.0,27000.0,27050.0,26500.0
2018-01-02,27000.0,2903770.0,25500.0,27000.0,25200.0
2017-12-29,25500.0,2593290.0,25050.0,25500.0,24750.0
2017-12-28,24750.0,1382650.0,24400.0,25100.0,24400.0
2017-12-27,24400.0,1201510.0,24250.0,24650.0,24050.0
2017-12-26,24100.0,1009560.0,23800.0,24100.0,23500.0
2017-12-25,23800.0,572480.0,24200.0,24300.0,23700.0
2017-12-22,23850.0,1931970.0,23900.0,24200.0,23500.0
2017-12-21,24200.0,1312160.0,24500.0,24800.0,24200.0
2017-12-20,24500.0,873610.0,24100.0,24700.0,24050.0
2017-12-19,24100.0,939300.0,24350.0,24700.0,24100.0
2017-12-18,24350.0,1023650.0,24300.0,24500.0,24200.0
2017-12-15,24300.0,642650.0,24200.0,24450.0,23850.0
2017-12-14,24450.0,1472190.0,23800.0,24500.0,23250.0
2017-12-13,23900.0,2017220.0,24100.0,24200.0,23650.0
2017-12-12,24100.0,2619460.0,24000.0,24400.0,22350.0
2017-12-11,24000.0,1236890.0,23900.0,24800.0,23900.0
2017-12-08,25000.0,853010.0,25050.0,25200.0,24650.0
2017-12-07,25000.0,642950.0,25000.0,25150.0,24550.0
2017-12-06,24850.0,1856030.0,24700.0,24900.0,24500.0
2017-12-05,24900.0,2429510.0,25700.0,25700.0,24900.0
2017-12-04,25500.0,1010470.0,25700.0,26200.0,25500.0
2017-12-01,25500.0,1313000.0,25600.0,25650.0,25400.0
2017-11-30,25650.0,1539270.0,26000.0,26300.0,25500.0
2017-11-29,25600.0,1644260.0,24900.0,25600.0,24900.0
2017-11-28,25000.0,1735860.0,25200.0,25400.0,24550.0
2017-11-27,25200.0,1300640.0,25300.0,25550.0,25100.0
2017-11-24,25300.0,1762130.0,25300.0,25550.0,25000.0
2017-11-23,25300.0,2648530.0,26000.0,26500.0,25300.0
2017-11-22,25700.0,4041890.0,24050.0,25700.0,24000.0
2017-11-21,24050.0,2397310.0,24000.0,24500.0,24000.0
2017-11-20,24000.0,1424750.0,23800.0,24150.0,23650.0
2017-11-17,24050.0,2518270.0,24200.0,24300.0,23500.0
2017-11-16,24150.0,2383080.0,24050.0,24350.0,23700.0
2017-11-15,24200.0,1143070.0,24200.0,24400.0,24000.0
2017-11-14,24300.0,1976900.0,23950.0,24400.0,23500.0
2017-11-13,23950.0,1456000.0,23650.0,23950.0,23600.0
2017-11-10,23600.0,2655350.0,23300.0,24200.0,23300.0
2017-11-09,23500.0,2328420.0,23800.0,23900.0,23400.0
2017-11-08,23800.0,3162900.0,22850.0,23800.0,22700.0
2017-11-07,22850.0,2397470.0,22700.0,23050.0,22600.0
2017-11-06,22850.0,2248950.0,22400.0,22850.0,22250.0
2017-11-03,22400.0,2000100.0,21800.0,22400.0,21500.0
2017-11-02,21900.0,2240060.0,22400.0,22550.0,21500.0
2017-11-01,22400.0,2540230.0,21850.0,22450.0,21850.0
2017-10-31,21850.0,2860900.0,21800.0,22150.0,21500.0
2017-10-30,21850.0,5516030.0,21200.0,22300.0,21200.0
2017-10-27,21200.0,1525120.0,20700.0,21200.0,20550.0
2017-10-26,20700.0,1949360.0,20900.0,21200.0,20300.0
2017-10-25,21000.0,1419710.0,20700.0,21300.0,20700.0
2017-10-24,20750.0,991780.0,20650.0,20900.0,20600.0
2017-10-23,20900.0,2104280.0,20900.0,21450.0,20800.0
2017-10-20,21400.0,2795090.0,21100.0,21450.0,21100.0
2017-10-19,21250.0,2221120.0,21200.0,21350.0,20800.0
2017-10-18,21400.0,3877330.0,21500.0,21700.0,21300.0
2017-10-17,21500.0,5851150.0,20400.0,21500.0,20400.0
2017-10-16,20350.0,1723790.0,20200.0,20450.0,20200.0
2017-10-13,20200.0,720350.0,20100.0,20250.0,20050.0
2017-10-12,20150.0,1237240.0,20300.0,20450.0,20150.0
2017-10-11,20300.0,2054250.0,20100.0,20450.0,20050.0
2017-10-10,20000.0,786110.0,20000.0,20200.0,19950.0
2017-10-09,20000.0,1931480.0,20200.0,20300.0,20000.0
2017-10-06,19950.0,2512220.0,19850.0,20200.0,19800.0
2017-10-05,19900.0,1259970.0,20200.0,20250.0,19850.0
2017-10-04,20050.0,1798560.0,19900.0,20200.0,19850.0
2017-10-03,19850.0,2747020.0,19800.0,20200.0,19700.0
2017-10-02,19700.0,1316100.0,19600.0,20000.0,19600.0
2017-09-29,19600.0,2047180.0,19650.0,19850.0,19600.0
2017-09-28,19650.0,2620840.0,20200.0,20400.0,19650.0
2017-09-27,20200.0,1270120.0,20400.0,20500.0,20200.0
2017-09-26,20400.0,1400280.0,20400.0,20600.0,20350.0
2017-09-25,20400.0,1296670.0,20600.0,20650.0,20300.0
2017-09-22,20600.0,1539180.0,20700.0,20900.0,20600.0
2017-09-21,20850.0,3542580.0,20400.0,20900.0,20350.0
2017-09-20,20500.0,1165030.0,20650.0,20650.0,20400.0
2017-09-19,20650.0,1771760.0,20600.0,20850.0,20450.0
2017-09-18,20500.0,1867500.0,20400.0,20700.0,20350.0
2017-09-15,20400.0,761660.0,20650.0,20650.0,20350.0
2017-09-14,20650.0,1630270.0,20350.0,20850.0,20300.0
2017-09-13,20500.0,865900.0,20650.0,20700.0,20350.0
2017-09-12,20500.0,1086660.0,20100.0,20700.0,20050.0
2017-09-11,20200.0,1595410.0,20200.0,20600.0,20000.0
2017-09-08,20350.0,2150240.0,20850.0,20850.0,20350.0
2017-09-07,20850.0,2388710.0,20550.0,21200.0,20550.0
2017-09-06,20600.0,2638220.0,20700.0,20900.0,20450.0
2017-09-05,20950.0,1769650.0,21000.0,21000.0,20600.0
2017-09-01,21050.0,3772890.0,21100.0,21600.0,20750.0
2017-08-31,20700.0,5421350.0,19400.0,20700.0,19350.0
2017-08-30,19350.0,1728800.0,19700.0,19700.0,19350.0
2017-08-29,19650.0,1636320.0,19650.0,19900.0,19600.0
2017-08-28,19650.0,1189610.0,19750.0,19900.0,19550.0
2017-08-25,19750.0,1774880.0,19900.0,20100.0,19700.0
2017-08-24,19800.0,2016560.0,19450.0,19900.0,19400.0
2017-08-23,19400.0,1180060.0,19150.0,19500.0,19050.0
2017-08-22,19150.0,1799420.0,19600.0,19600.0,19150.0
2017-08-21,19650.0,1027780.0,19750.0,19850.0,19200.0
2017-08-18,19750.0,2250620.0,19000.0,20000.0,18800.0
2017-08-17,19200.0,5639850.0,20000.0,20150.0,19100.0
2017-08-16,20000.0,2001570.0,20300.0,20400.0,19800.0
2017-08-15,20300.0,1784120.0,20750.0,20800.0,20300.0
2017-08-14,20800.0,1736920.0,20300.0,20800.0,20000.0
2017-08-11,20300.0,2439370.0,20200.0,20400.0,19800.0
2017-08-10,20300.0,4450650.0,20200.0,20800.0,19400.0
2017-08-09,20400.0,9682480.0,22100.0,22100.0,20400.0
2017-08-08,22600.0,2963240.0,22600.0,22700.0,22400.0
2017-08-07,22500.0,3107320.0,22200.0,22550.0,22200.0
2017-08-04,22400.0,2565930.0,22900.0,22900.0,22400.0
2017-08-03,22900.0,4418090.0,22400.0,23000.0,22400.0
2017-08-02,22450.0,6829100.0,21850.0,22950.0,21650.0
2017-08-01,22200.0,3554410.0,22000.0,22350.0,21800.0
2017-07-31,22200.0,6728350.0,21100.0,22350.0,21100.0
2017-07-28,21000.0,5408060.0,20850.0,21200.0,20600.0
2017-07-27,20700.0,3954610.0,20600.0,20850.0,20400.0
2017-07-26,20600.0,4938950.0,20400.0,20900.0,20350.0
2017-07-25,20500.0,4854620.0,19400.0,20500.0,19400.0
2017-07-24,19400.0,1521320.0,19200.0,19500.0,18950.0
2017-07-21,19250.0,2846690.0,19700.0,19800.0,19250.0
2017-07-20,19600.0,2885390.0,19250.0,19600.0,19000.0
2017-07-19,19050.0,1785650.0,19150.0,19250.0,19000.0
2017-07-18,18950.0,1988430.0,18850.0,19100.0,18700.0
2017-07-17,18900.0,2508150.0,19450.0,19500.0,18850.0
2017-07-14,19300.0,1615650.0,19700.0,19700.0,19300.0
2017-07-13,19550.0,1427810.0,19300.0,19650.0,19250.0
2017-07-12,19300.0,2218530.0,19700.0,19700.0,19300.0
2017-07-11,19700.0,2406080.0,19700.0,19750.0,19050.0
2017-07-10,19700.0,4280320.0,20200.0,20300.0,19700.0
2017-07-07,20200.0,4883780.0,20300.0,20600.0,20150.0
2017-07-06,20300.0,5082620.0,20500.0,20700.0,20150.0
2017-07-05,20400.0,3792250.0,20350.0,20450.0,20200.0
2017-07-04,20300.0,3960190.0,20900.0,20900.0,20200.0
2017-07-03,20700.0,3702190.0,20400.0,20950.0,20400.0
2017-06-30,20400.0,2718220.0,20200.0,20400.0,20200.0
2017-06-29,20300.0,5414500.0,20150.0,20600.0,20150.0
2017-06-28,19950.0,3584220.0,19850.0,20200.0,19700.0
2017-06-27,19900.0,3955780.0,20200.0,20350.0,19900.0
2017-06-26,20200.0,4079030.0,19900.0,20350.0,19800.0
2017-06-23,19900.0,4067480.0,19700.0,19900.0,19600.0
2017-06-22,19850.0,4700650.0,20400.0,20500.0,19850.0
2017-06-21,20300.0,7245070.0,20400.0,20600.0,19850.0
2017-06-20,20550.0,6648680.0,20300.0,20600.0,20100.0
2017-06-19,20000.0,4812540.0,20000.0,20050.0,19800.0
2017-06-16,19750.0,3740610.0,19700.0,19900.0,19650.0
2017-06-15,19800.0,5827220.0,20100.0,20100.0,19650.0
2017-06-14,20000.0,7438470.0,19700.0,20100.0,19650.0
2017-06-13,19500.0,4418920.0,19000.0,19700.0,18900.0
2017-06-12,18950.0,4459550.0,18900.0,19250.0,18750.0
2017-06-09,18850.0,4780100.0,19100.0,19250.0,18800.0
2017-06-08,19100.0,3776460.0,19300.0,19400.0,18900.0
2017-06-07,19400.0,6665550.0,19500.0,19750.0,19300.0
2017-06-06,19400.0,8701470.0,18600.0,19450.0,18500.0
2017-06-05,18700.0,3173120.0,18500.0,18800.0,18400.0
2017-06-02,18250.0,5040700.0,18300.0,18400.0,17950.0
2017-06-01,18300.0,3182440.0,18500.0,18650.0,18300.0
2017-05-31,18450.0,4665780.0,18350.0,18600.0,18150.0
2017-05-30,18350.0,7521710.0,18900.0,19200.0,18350.0
2017-05-29,19000.0,6835440.0,19500.0,19800.0,18900.0
2017-05-26,19500.0,6662620.0,19000.0,19500.0,19000.0
2017-05-25,19100.0,8562650.0,19250.0,19700.0,19000.0
2017-05-24,19250.0,9620910.0,18450.0,19350.0,18300.0
2017-05-23,18550.0,10107090.0,18400.0,19150.0,18150.0
2017-05-22,18400.0,15701040.0,17400.0,18400.0,17400.0
2017-05-19,17200.0,5387170.0,16850.0,17200.0,16750.0
2017-05-18,16800.0,3270310.0,16700.0,17050.0,16650.0
2017-05-17,16700.0,2289770.0,16800.0,16900.0,16650.0
2017-05-16,16900.0,3557650.0,17000.0,17050.0,16700.0
2017-05-15,16900.0,3094730.0,16900.0,16950.0,16700.0
2017-05-12,16950.0,3232780.0,17000.0,17300.0,16900.0
2017-05-11,17000.0,3438740.0,17100.0,17250.0,17000.0
2017-05-10,17100.0,6204060.0,16600.0,17300.0,16600.0
2017-05-09,16600.0,3390050.0,16400.0,16700.0,16350.000000000002
2017-05-08,16500.0,2750130.0,16650.0,16650.0,16300.0
2017-05-05,16550.0,2558190.0,16800.0,16800.0,16400.0
2017-05-04,16800.0,3603070.0,16600.0,17050.0,16450.0
2017-05-03,16600.0,2134200.0,16600.0,16800.0,16500.0
2017-04-28,16600.0,4054470.0,16300.0,16700.0,16300.0
2017-04-27,16600.0,1305200.0,16500.0,16700.0,16450.0
2017-04-26,16500.0,3093360.0,16300.0,16750.0,16149.999999999998
2017-04-25,16350.000000000002,2039700.0,16400.0,16500.0,16200.0
2017-04-24,16350.000000000002,915040.0,16500.0,16600.0,16300.0
2017-04-21,16550.0,2322130.0,16750.0,16900.0,16500.0
2017-04-20,16600.0,3276820.0,16300.0,16900.0,16149.999999999998
2017-04-19,16300.0,2200740.0,16500.0,16500.0,16300.0
2017-04-18,16500.0,3394390.0,16400.0,16500.0,16200.0
2017-04-17,16400.0,2640550.0,17000.0,17050.0,16400.0
2017-04-14,17050.0,4089000.0,16700.0,17050.0,16450.0
2017-04-13,16900.0,4017550.0,16900.0,17100.0,16800.0
2017-04-12,17000.0,3272610.0,17000.0,17200.0,16800.0
2017-04-11,17000.0,3274570.0,17000.0,17050.0,16750.0
2017-04-10,17000.0,3210070.0,17200.0,17250.0,17000.0
2017-04-07,17100.0,4065580.0,17100.0,17250.0,16800.0
2017-04-05,17150.0,3256600.0,17200.0,17350.0,17100.0
2017-04-04,17200.0,3160690.0,17300.0,17450.0,17050.0
2017-04-03,17150.0,3046160.0,17450.0,17550.0,17150.0
2017-03-31,17550.0,2402720.0,17750.0,17750.0,17400.0
2017-03-30,17750.0,5467270.0,17400.0,17850.0,17350.0
2017-03-29,17400.0,4029300.0,17450.0,17450.0,17100.0
2017-03-28,17400.0,3129920.0,17600.0,17800.0,17400.0
2017-03-27,17750.0,7212840.0,18000.0,18150.0,17650.0
2017-03-24,17900.0,8242990.0,17650.0,17900.0,17400.0
2017-03-23,17450.0,3455890.0,17400.0,17650.0,17200.0
2017-03-22,17400.0,9321930.0,17400.0,17650.0,17300.0
2017-03-21,17400.0,10006770.0,16800.0,17400.0,16800.0
2017-03-20,16750.0,3017280.0,16700.0,16800.0,16450.0
2017-03-17,16700.0,4646040.0,16350.000000000002,16750.0,16300.0
2017-03-16,16350.000000000002,1860750.0,16450.0,16550.0,16250.0
2017-03-15,16450.0,1177930.0,16300.0,16450.0,16250.0
2017-03-14,16400.0,2190590.0,16350.000000000002,16500.0,16300.0
2017-03-13,16500.0,1377930.0,16500.0,16550.0,16300.0
2017-03-10,16550.0,2210220.0,16550.0,16900.0,16550.0
2017-03-09,16800.0,4635690.0,16600.0,16950.0,16550.0
2017-03-08,16600.0,2091720.0,16400.0,16750.0,16300.0
2017-03-07,16500.0,1229860.0,16600.0,16600.0,16400.0
2017-03-06,16600.0,2663090.0,16600.0,16700.0,16400.0
2017-03-03,16400.0,3291400.0,16100.000000000002,16400.0,15800.0
2017-03-02,16050.0,2357980.0,16400.0,16500.0,16050.0
2017-03-01,16300.0,2971500.0,16450.0,16450.0,16100.000000000002
2017-02-28,16450.0,1374710.0,16650.0,16700.0,16400.0
2017-02-27,16700.0,1299320.0,16700.0,16700.0,16450.0
2017-02-24,16650.0,2717550.0,16500.0,16800.0,16500.0
2017-02-23,16650.0,1917960.0,16600.0,16700.0,16350.000000000002
2017-02-22,16600.0,2027200.0,16750.0,16800.0,16500.0
2017-02-21,16700.0,3466220.0,16650.0,16850.0,16650.0
2017-02-20,16600.0,4319650.0,16800.0,16850.0,16500.0
2017-02-17,16900.0,2315410.0,16900.0,17050.0,16750.0
2017-02-16,17000.0,4207540.0,17250.0,17450.0,17000.0
2017-02-15,17350.0,3866520.0,16950.0,17400.0,16850.0
2017-02-14,17000.0,3452520.0,16900.0,17050.0,16850.0
2017-02-13,16850.0,2356920.0,17100.0,17150.0,16850.0
2017-02-10,17100.0,3882460.0,16850.0,17150.0,16800.0
2017-02-09,16850.0,3894230.0,17000.0,17150.0,16850.0
2017-02-08,17000.0,3716420.0,17100.0,17200.0,16850.0
2017-02-07,17100.0,3550940.0,17050.0,17350.0,16950.0
2017-02-06,17200.0,2896390.0,17200.0,17400.0,17000.0
2017-02-03,17200.0,4057580.0,17200.0,17550.0,17050.0
2017-02-02,17200.0,3033030.0,16900.0,17200.0,16650.0
2017-01-25,16900.0,2424360.0,17000.0,17000.0,16500.0
2017-01-24,17000.0,3130040.0,16850.0,17150.0,16850.0
2017-01-23,16850.0,3412290.0,16700.0,17000.0,16600.0
2017-01-20,16650.0,3226890.0,16500.0,16900.0,16400.0
2017-01-19,16450.0,1997400.0,16350.000000000002,16650.0,16300.0
2017-01-18,16450.0,5523490.0,16800.0,17300.0,16450.0
2017-01-17,16800.0,6538420.0,16100.000000000002,16850.0,15950.0
2017-01-16,15800.0,2739610.0,16250.0,16300.0,15800.0
2017-01-13,16250.0,3414240.0,16500.0,16550.0,16149.999999999998
2017-01-12,16500.0,3541500.0,16600.0,16600.0,16400.0
2017-01-11,16600.0,7292910.0,16200.0,16600.0,16050.0
2017-01-10,16100.000000000002,2471780.0,16100.000000000002,16200.0,15950.0
2017-01-09,16200.0,6160700.0,15800.0,16400.0,15800.0
2017-01-06,15750.0,6338280.0,15200.0,16050.0,15200.0
2017-01-05,15400.0,1988580.0,15350.0,15700.0,15200.0
2017-01-04,15450.0,4674470.0,15300.0,15700.0,15300.0
2017-01-03,15150.0,4954000.0,14350.0,15150.0,14350.0
2016-12-30,14200.0,1439980.0,14250.0,14400.0,14200.0
2016-12-29,14300.0,1707820.0,14400.0,14450.0,14200.0
2016-12-28,14450.0,1805210.0,14550.0,14550.0,14300.0
2016-12-27,14500.0,1463890.0,14600.0,14600.0,14350.0
2016-12-26,14600.0,1127830.0,14600.0,14750.0,14550.0
2016-12-23,14600.0,1837280.0,14600.0,14600.0,14350.0
2016-12-22,14600.0,967740.0,14750.0,14750.0,14500.0
2016-12-21,14900.0,1778310.0,14750.0,14900.0,14550.0
2016-12-20,14750.0,1298970.0,14800.0,14850.0,14650.0
2016-12-19,14750.0,1823730.0,14650.0,15000.0,14650.0
2016-12-16,14650.0,1663470.0,14550.0,14800.0,14550.0
2016-12-15,15000.0,2157870.0,14800.0,15000.0,14500.0
2016-12-14,15200.0,1762620.0,14100.0,15200.0,14050.0
2016-12-13,14300.0,2488130.0,14500.0,14500.0,14000.0
2016-12-12,14600.0,1565240.0,14600.0,14750.0,14450.0
2016-12-09,14750.0,772520.0,14800.0,14900.0,14650.0
2016-12-08,14800.0,1623610.0,14750.0,14850.0,14650.0
2016-12-07,14750.0,1784350.0,14750.0,14850.0,14650.0
2016-12-06,14750.0,2279090.0,15050.0,15100.0,14500.0
2016-12-05,15200.0,1640570.0,15300.0,15300.0,15000.0
2016-12-02,15300.0,1335510.0,15350.0,15400.0,15200.0
2016-12-01,15400.0,2936240.0,15400.0,15400.0,15250.0
2016-11-30,15300.0,2368910.0,15400.0,15450.0,15150.0
2016-11-29,15200.0,1665320.0,15700.0,15750.0,15200.0
2016-11-28,15700.0,1818540.0,15800.0,15800.0,15550.0
2016-11-25,15900.0,840410.0,16000.0,16000.0,15700.0
2016-11-24,16000.0,617020.0,16100.000000000002,16100.000000000002,15700.0
2016-11-23,16100.000000000002,3221530.0,16200.0,16350.000000000002,16100.000000000002
2016-11-22,16100.000000000002,1905030.0,15500.0,16100.000000000002,15500.0
2016-11-21,15500.0,2002790.0,15400.0,15700.0,15400.0
2016-11-18,15300.0,837340.0,15350.0,15350.0,15200.0
2016-11-17,15300.0,680780.0,15450.0,15450.0,15300.0
2016-11-16,15450.0,554170.0,15350.0,15500.0,15350.0
2016-11-15,15350.0,943440.0,15350.0,15500.0,15300.0
2016-11-14,15350.0,1117210.0,15750.0,15750.0,15300.0
2016-11-11,15700.0,730860.0,15700.0,15850.0,15550.0
2016-11-10,15800.0,1048200.0,15900.0,15900.0,15700.0
2016-11-09,15800.0,1444880.0,15800.0,15800.0,14800.0
2016-11-08,15750.0,650940.0,15800.0,16000.0,15750.0
2016-11-07,15800.0,1291320.0,15950.0,16200.0,15800.0
2016-11-04,16200.0,1590540.0,15900.0,16200.0,15800.0
2016-11-03,16100.000000000002,1917430.0,16200.0,16200.0,15850.0
2016-11-02,16850.0,1422400.0,17000.0,17000.0,16700.0
2016-11-01,17000.0,1407290.0,16700.0,17000.0,16650.0
2016-10-31,16700.0,1090960.0,16700.0,17200.0,16700.0
2016-10-28,17100.0,1926490.0,16800.0,17200.0,16750.0
2016-10-27,16700.0,2307600.0,17100.0,17150.0,16700.0
2016-10-26,17250.0,1230860.0,17300.0,17500.0,17000.0
2016-10-25,17450.0,2232770.0,17650.0,17650.0,17200.0
2016-10-24,17650.0,3458020.0,17800.0,17900.0,17600.0
2016-10-21,17600.0,929330.0,17400.0,17700.0,17400.0
2016-10-20,17600.0,2281060.0,17800.0,17800.0,17500.0
2016-10-19,17700.0,5957570.0,16850.0,17700.0,16850.0
2016-10-18,17000.0,251130.0,17100.0,17100.0,16750.0
2016-10-17,17100.0,897530.0,16900.0,17150.0,16900.0
2016-10-14,17000.0,2349780.0,16700.0,17100.0,16650.0
2016-10-13,16800.0,421910.0,16750.0,16800.0,16700.0
2016-10-12,16800.0,422240.0,16800.0,16900.0,16700.0
2016-10-11,16800.0,1974890.0,16750.0,16800.0,16400.0
2016-10-10,16750.0,778870.0,16950.0,17100.0,16700.0
2016-10-07,17000.0,905070.0,17200.0,17300.0,16950.0
2016-10-06,17300.0,2478390.0,17250.0,17350.0,17050.0
2016-10-05,17300.0,1597280.0,17100.0,17450.0,17000.0
2016-10-04,17100.0,1684540.0,16900.0,17350.0,16850.0
2016-10-03,17000.0,1677100.0,17000.0,17100.0,16750.0
2016-09-30,17000.0,1672670.0,16700.0,17100.0,16650.0
2016-09-29,17000.0,1270170.0,17300.0,17300.0,16750.0
2016-09-28,17350.0,3589280.0,16800.0,17350.0,16700.0
2016-09-27,16800.0,4499140.0,15800.0,16800.0,15800.0
2016-09-26,15950.0,775690.0,16050.0,16050.0,15800.0
2016-09-23,16050.0,753340.0,16050.0,16050.0,15850.0
2016-09-22,16050.0,502770.0,16100.000000000002,16300.0,16000.0
2016-09-21,16100.000000000002,960130.0,15800.0,16300.0,15800.0
2016-09-20,16000.0,983190.0,15750.0,16000.0,15550.0
2016-09-19,15800.0,367810.0,15900.0,15950.0,15750.0
2016-09-16,15850.0,758660.0,15900.0,15900.0,15600.0
2016-09-15,15900.0,916150.0,15900.0,16000.0,15750.0
2016-09-14,15900.0,652350.0,16000.0,16100.000000000002,15900.0
2016-09-13,16200.0,477480.0,16200.0,16300.0,16100.000000000002
2016-09-12,16300.0,815890.0,16400.0,16450.0,16100.000000000002
2016-09-09,16300.0,447890.0,16200.0,16300.0,16200.0
2016-09-08,16300.0,541640.0,16300.0,16300.0,16000.0
2016-09-07,16100.000000000002,1329560.0,16100.000000000002,16200.0,15900.0
2016-09-06,16100.000000000002,828750.0,16100.000000000002,16300.0,16100.000000000002
2016-09-05,16400.0,1306300.0,16300.0,16400.0,15900.0
2016-09-01,16400.0,900430.0,16400.0,16400.0,16100.000000000002
2016-08-31,16400.0,734920.0,16400.0,16500.0,16300.0
2016-08-30,16500.0,466210.0,16400.0,16500.0,16300.0
2016-08-29,16500.0,1091630.0,16500.0,16600.0,16400.0
2016-08-26,16400.0,1297270.0,16400.0,16700.0,16300.0
2016-08-25,16300.0,703200.0,16300.0,16400.0,16100.000000000002
2016-08-24,16300.0,1612330.0,16500.0,16500.0,16200.0
2016-08-23,16500.0,903350.0,16400.0,16500.0,16300.0
2016-08-22,16500.0,1257980.0,16400.0,16600.0,16400.0
2016-08-19,16600.0,2029450.0,16700.0,16700.0,16300.0
2016-08-18,16700.0,1343540.0,16800.0,16800.0,16500.0
2016-08-17,16900.0,285200.0,16900.0,17000.0,16700.0
2016-08-16,16900.0,827940.0,17100.0,17100.0,16800.0
2016-08-15,17100.0,632830.0,16900.0,17100.0,16800.0
2016-08-12,17100.0,434800.0,17100.0,17300.0,16800.0
2016-08-11,17300.0,1228890.0,16900.0,17300.0,16700.0
2016-08-10,16900.0,1148170.0,16300.0,16900.0,16300.0
2016-08-09,16500.0,519900.0,16600.0,16700.0,16400.0
2016-08-08,16600.0,1551990.0,16500.0,16600.0,16200.0
2016-08-05,16700.0,1690970.0,16700.0,16800.0,16300.0
2016-08-04,16900.0,1128240.0,17100.0,17200.0,16900.0
2016-08-03,17100.0,1317460.0,17200.0,17200.0,16800.0
2016-08-02,17100.0,1169700.0,17500.0,17500.0,17000.0
2016-08-01,17600.0,707890.0,17800.0,17800.0,17400.0
2016-07-29,17600.0,805210.0,17500.0,17600.0,17400.0
2016-07-28,17600.0,501590.0,17600.0,17800.0,17500.0
2016-07-27,17700.0,1091370.0,17700.0,17800.0,17400.0
2016-07-26,17500.0,858490.0,17600.0,17700.0,17400.0
2016-07-25,17600.0,581260.0,17700.0,17800.0,17500.0
2016-07-22,17700.0,2009510.0,17600.0,17700.0,17300.0
2016-07-21,17700.0,1705470.0,17700.0,17900.0,17600.0
2016-07-20,17700.0,1363320.0,18000.0,18100.0,17700.0
2016-07-19,18000.0,2758450.0,18600.0,18600.0,17800.0
2016-07-18,18600.0,2082080.0,18300.0,18700.0,18100.0
2016-08-12,17100.0,434800.0,17100.0,17300.0,16800.0
2016-08-11,17300.0,1228890.0,16900.0,17300.0,16700.0
2016-08-10,16900.0,1148170.0,16300.0,16900.0,16300.0
2016-08-09,16500.0,519900.0,16600.0,16700.0,16400.0
2016-08-08,16600.0,1551990.0,16500.0,16600.0,16200.0
2016-08-05,16700.0,1690970.0,16700.0,16800.0,16300.0
2016-08-04,16900.0,1128240.0,17100.0,17200.0,16900.0
2016-08-03,17100.0,1317460.0,17200.0,17200.0,16800.0
2016-08-02,17100.0,1169700.0,17500.0,17500.0,17000.0
2016-08-01,17600.0,707890.0,17800.0,17800.0,17400.0
2016-07-29,17600.0,805210.0,17500.0,17600.0,17400.0
2016-07-28,17600.0,501590.0,17600.0,17800.0,17500.0
2016-07-27,17700.0,1091370.0,17700.0,17800.0,17400.0
2016-07-26,17500.0,858490.0,17600.0,17700.0,17400.0
2016-07-25,17600.0,581260.0,17700.0,17800.0,17500.0
2016-07-22,17700.0,2009510.0,17600.0,17700.0,17300.0
2016-07-21,17700.0,1705470.0,17700.0,17900.0,17600.0
2016-07-20,17700.0,1363320.0,18000.0,18100.0,17700.0
2016-07-19,18000.0,2758450.0,18600.0,18600.0,17800.0
2016-07-18,18600.0,2082080.0,18300.0,18700.0,18100.0
2016-07-15,18500.0,1123160.0,18500.0,18600.0,18300.0
2016-07-14,18600.0,4315400.0,18600.0,19100.0,18600.0
2016-07-13,18500.0,4327780.0,17800.0,18700.0,17800.0
2016-07-12,17800.0,687640.0,17900.0,17900.0,17600.0
2016-07-11,17800.0,2012310.0,17800.0,18100.0,17500.0
2016-07-08,17800.0,1266730.0,17900.0,17900.0,17300.0
2016-07-07,17900.0,602090.0,17800.0,17900.0,17700.0
2016-07-06,17900.0,598240.0,17800.0,17900.0,17700.0
2016-07-05,18000.0,2066340.0,17500.0,18200.0,17400.0
2016-07-04,17500.0,1555770.0,17400.0,17500.0,17100.0
2016-07-01,17400.0,788490.0,17400.0,17600.0,17300.0
2016-06-30,17500.0,639570.0,17600.0,17700.0,17400.0
2016-06-29,17600.0,1083530.0,17500.0,17800.0,17400.0
2016-06-28,17500.0,351720.0,17500.0,17500.0,17200.0
2016-06-27,17500.0,799990.0,17300.0,17500.0,17100.0
2016-06-24,17700.0,1936510.0,17900.0,17900.0,16900.0
2016-06-23,18000.0,764500.0,17900.0,18100.0,17800.0
2016-06-22,17900.0,371290.0,18000.0,18000.0,17800.0
2016-06-21,18000.0,575810.0,18200.0,18200.0,17900.0
2016-06-20,18000.0,595980.0,17900.0,18000.0,17800.0
2016-06-17,18000.0,965090.0,18000.0,18100.0,17700.0
2016-06-16,18000.0,819390.0,18200.0,18300.0,18000.0
2016-06-15,18100.0,867900.0,18000.0,18300.0,18000.0
2016-06-14,18100.0,1115200.0,18100.0,18300.0,18000.0
2016-06-13,18300.0,886660.0,18500.0,18600.0,18200.0
2016-06-10,18600.0,3935310.0,18700.0,19000.0,18600.0
2016-06-09,18800.0,2943510.0,18300.0,18900.0,18200.0
2016-06-08,18300.0,1699270.0,18000.0,18500.0,18000.0
2016-06-07,18100.0,1149500.0,18300.0,18300.0,18000.0
2016-06-06,18200.0,1083280.0,18300.0,18300.0,18000.0
2016-06-03,18300.0,1115540.0,18500.0,18600.0,18300.0
2016-06-02,18500.0,834990.0,18300.0,18500.0,18200.0
2016-06-01,18300.0,1032960.0,18000.0,18400.0,18000.0
2016-05-31,18200.0,1813280.0,18200.0,18400.0,18100.0
2016-05-30,18100.0,661330.0,17800.0,18200.0,17700.0
2016-05-27,17800.0,1466540.0,17500.0,17800.0,17300.0
2016-05-26,17500.0,1602380.0,17800.0,17900.0,17400.0
2016-05-25,17900.0,938560.0,18000.0,18200.0,17900.0
2016-05-24,17900.0,1644700.0,17900.0,18100.0,17700.0
2016-05-23,17900.0,1529710.0,18300.0,18400.0,17900.0
2016-05-20,18300.0,1977000.0,18600.0,18800.0,18200.0
2016-05-19,18600.0,966170.0,18900.0,19000.0,18600.0
2016-05-18,19000.0,1985700.0,19000.0,19300.0,18900.0
2016-05-17,19000.0,3209630.0,18800.0,19200.0,18700.0
2016-05-16,18600.0,1573350.0,18600.0,18800.0,18500.0
2016-05-13,18700.0,3104020.0,18600.0,18900.0,18500.0
2016-05-12,18700.0,2149990.0,18700.0,18700.0,18400.0
2016-05-11,18600.0,3121100.0,18500.0,18700.0,18400.0
2016-05-10,18300.0,3716070.0,17700.0,18500.0,17500.0
2016-05-09,17800.0,2115080.0,18200.0,18400.0,17700.0
2016-05-06,18100.0,4363520.0,17700.0,18400.0,17700.0
2016-05-05,17700.0,3034260.0,17200.0,18000.0,17200.0
2016-05-04,17300.0,1426100.0,17300.0,17700.0,17000.0
2016-04-29,17500.0,3038650.0,16500.0,17500.0,16500.0
2016-04-28,16500.0,866470.0,17000.0,17100.0,16500.0
2016-04-27,17000.0,1222870.0,17400.0,17400.0,16800.0
2016-04-26,17300.0,956530.0,17500.0,17500.0,17100.0
2016-04-25,17500.0,3955540.0,17500.0,18000.0,17500.0
2016-04-22,17000.0,2817020.0,15800.0,17000.0,15700.0
2016-04-21,15900.0,854710.0,15800.0,15900.0,15600.0
2016-04-20,15700.0,1067790.0,15700.0,15900.0,15600.0
2016-04-19,15600.0,1099770.0,15900.0,15900.0,15600.0
2016-04-15,16000.0,701360.0,16200.0,16200.0,15900.0
2016-04-14,15900.0,1642570.0,15800.0,16300.0,15700.0
2016-04-13,15800.0,2085010.0,15800.0,16100.000000000002,15500.0
2016-04-12,16200.0,1533930.0,16500.0,16600.0,16100.000000000002
2016-04-11,16700.0,1312000.0,16800.0,16900.0,16500.0
2016-04-08,16800.0,259830.0,16900.0,16900.0,16800.0
2016-04-07,16900.0,452990.0,17000.0,17000.0,16800.0
2016-04-06,16900.0,1197530.0,16600.0,16900.0,16600.0
2016-04-05,16600.0,437370.0,16500.0,16700.0,16500.0
2016-04-04,16500.0,764980.0,16600.0,17000.0,16500.0
2016-04-01,16600.0,1187420.0,16800.0,17000.0,16600.0
2016-03-31,16700.0,769430.0,17100.0,17200.0,16700.0
2016-03-30,16900.0,824140.0,16900.0,17000.0,16700.0
2016-03-29,16900.0,697840.0,17000.0,17200.0,16900.0
2016-03-28,17200.0,580320.0,17400.0,17400.0,17100.0
2016-03-25,17300.0,1473220.0,17200.0,17300.0,16900.0
2016-03-24,17200.0,943010.0,17500.0,17500.0,17200.0
2016-03-23,17600.0,994300.0,17300.0,17600.0,17300.0
2016-03-22,17300.0,1313850.0,17600.0,17600.0,17300.0
2016-03-21,17600.0,1464080.0,17700.0,17900.0,17600.0
2016-03-18,17600.0,954300.0,17700.0,17700.0,17300.0
2016-03-17,17700.0,970590.0,17700.0,17900.0,17700.0
2016-03-16,17700.0,1398670.0,17500.0,17800.0,17400.0
2016-03-15,17500.0,1208710.0,17700.0,17700.0,17400.0
2016-03-14,17700.0,968310.0,17800.0,17900.0,17600.0
2016-03-11,17700.0,1299460.0,17900.0,18000.0,17700.0
2016-03-10,17700.0,951910.0,17600.0,17700.0,17400.0
2016-03-09,17400.0,1236990.0,17800.0,17900.0,17300.0
2016-03-08,17800.0,1485440.0,17900.0,18000.0,17700.0
2016-03-07,17900.0,1713710.0,18200.0,18200.0,17900.0
2016-03-04,18100.0,1180200.0,18200.0,18300.0,18100.0
2016-03-03,18200.0,1274450.0,18200.0,18400.0,18000.0
2016-03-02,18300.0,1811300.0,18000.0,18300.0,17900.0
2016-03-01,17700.0,1866330.0,17700.0,18100.0,17700.0
2016-02-29,17700.0,2484180.0,18200.0,18300.0,17700.0
2016-02-26,18400.0,1813600.0,18500.0,18700.0,18200.0
2016-02-25,18300.0,3264500.0,18600.0,19000.0,18100.0
2016-02-24,18100.0,5780650.0,16900.0,18100.0,16800.0
2016-02-23,17000.0,1871900.0,17300.0,17400.0,16900.0
2016-02-22,17200.0,2247920.0,16700.0,17200.0,16600.0
2016-02-19,16500.0,1647780.0,16200.0,16700.0,16100.000000000002
2016-02-18,16100.000000000002,1277910.0,16200.0,16400.0,16100.000000000002
2016-02-17,16000.0,1511740.0,16300.0,16300.0,16000.0
2016-02-16,16300.0,781240.0,16500.0,16500.0,16200.0
2016-02-15,16400.0,452890.0,16300.0,16500.0,16100.000000000002
2016-02-05,16400.0,490750.0,16200.0,16400.0,16100.000000000002
2016-02-04,16200.0,1099370.0,16500.0,16600.0,16200.0
2016-02-03,16400.0,718690.0,16100.000000000002,16400.0,16000.0
2016-02-02,16200.0,824540.0,16300.0,16800.0,16000.0
2016-02-01,16300.0,1626710.0,16500.0,16900.0,16300.0
2016-01-29,16800.0,1764470.0,16500.0,16900.0,16400.0
2016-01-28,16500.0,1853090.0,17500.0,17500.0,16500.0
2016-01-27,17200.0,2314620.0,16500.0,17300.0,16400.0
2016-01-26,16500.0,2678070.0,16300.0,16800.0,15500.0
2016-01-25,16000.0,1964520.0,15600.0,16000.0,15500.0
2016-01-22,15000.0,5376560.0,15800.0,15900.0,14700.0
2016-01-21,15800.0,2699730.0,16800.0,16900.0,15800.0
2016-01-20,16900.0,760120.0,17100.0,17100.0,16800.0
2016-01-19,17100.0,1606710.0,16600.0,17200.0,16600.0
2016-01-18,16600.0,3664530.0,17400.0,17400.0,16600.0
2016-01-15,17800.0,1334000.0,18500.0,18800.0,17800.0
2016-01-14,18500.0,1115000.0,18800.0,18900.0,18400.0
2016-01-13,19000.0,528540.0,19400.0,19500.0,18900.0
2016-01-12,19300.0,615630.0,19000.0,19300.0,19000.0
2016-01-11,19000.0,902550.0,19000.0,19300.0,18900.0
2016-01-08,18800.0,1217770.0,19300.0,19300.0,18300.0
2016-01-07,19300.0,2583350.0,20100.0,20200.0,19000.0
2016-01-06,20200.0,895200.0,20000.0,20300.0,20000.0
2016-01-05,20100.0,1104280.0,20200.0,20400.0,20000.0
2016-01-04,20200.0,1019270.0,20200.0,20800.0,20200.0
2015-12-31,20600.0,1000490.0,20700.0,20900.0,20500.0
2015-12-30,20800.0,1242400.0,20800.0,21100.0,20700.0
2015-12-29,20700.0,979430.0,20300.0,20700.0,20100.0
2015-12-28,20200.0,1567150.0,20400.0,20500.0,20000.0
2015-12-25,20400.0,1179440.0,20500.0,20800.0,20400.0
2015-12-24,20500.0,625710.0,20900.0,20900.0,20500.0
2015-12-23,20700.0,660920.0,20900.0,21200.0,20700.0
2015-12-22,20900.0,1438220.0,20700.0,21300.0,20600.0
2015-12-21,20700.0,2292130.0,20900.0,21000.0,20600.0
2015-12-18,21300.0,1297640.0,21100.0,21500.0,21100.0
2015-12-17,21500.0,1962310.0,21800.0,21800.0,21200.0
2015-12-16,20600.0,6453910.0,20000.0,20800.0,20000.0
2015-12-15,20000.0,1710810.0,20000.0,20300.0,19800.0
2015-12-14,20000.0,479600.0,20000.0,20400.0,19900.0
2015-12-11,20100.0,938690.0,20200.0,20400.0,20100.0
2015-12-10,20300.0,685510.0,20300.0,20600.0,20200.0
2015-12-09,20600.0,317220.0,21200.0,21200.0,20600.0
2015-12-08,21000.0,859320.0,20300.0,21000.0,20200.0
2015-12-07,20500.0,615120.0,20500.0,20800.0,20400.0
2015-12-04,20800.0,580460.0,21100.0,21200.0,20800.0
2015-12-03,21300.0,903160.0,21400.0,21400.0,21200.0
2015-12-02,21200.0,1343120.0,20800.0,21700.0,20800.0
2015-12-01,20700.0,798460.0,20300.0,20800.0,20200.0
2015-11-30,20400.0,1245420.0,21000.0,21000.0,20100.0
2015-11-27,21300.0,1031890.0,21700.0,21700.0,21200.0
2015-11-26,21600.0,2465300.0,21400.0,22000.0,21400.0
2015-11-25,22600.0,449700.0,22700.0,23000.0,22400.0
2015-11-24,22900.0,573180.0,23100.0,23200.0,22800.0
2015-11-23,23200.0,483040.0,23300.0,23500.0,23200.0
2015-11-20,23500.0,796570.0,23400.0,23500.0,23200.0
2015-11-19,23400.0,222220.0,23500.0,23600.0,23300.0
2015-11-18,23400.0,376510.0,23400.0,23500.0,23300.0
2015-11-17,23400.0,487770.0,23600.0,23600.0,23300.0
2015-11-16,23500.0,204700.0,23600.0,23700.0,23300.0
2015-11-13,23700.0,577460.0,23300.0,23700.0,23000.0
2015-11-12,23300.0,722320.0,23100.0,23400.0,22900.0
2015-11-11,23100.0,285280.0,23400.0,23500.0,23100.0
2015-11-10,23400.0,644920.0,23700.0,23700.0,23300.0
2015-11-09,23700.0,360310.0,23600.0,23900.0,23500.0
2015-11-06,23600.0,700470.0,23600.0,24000.0,23400.0
2015-11-05,23600.0,578350.0,23600.0,23800.0,23500.0
2015-11-04,23700.0,755690.0,24000.0,24200.0,23700.0
2015-11-03,24000.0,686240.0,24100.0,24100.0,23800.0
2015-11-02,24100.0,856570.0,24000.0,24400.0,24000.0
2015-10-30,24100.0,444740.0,24100.0,24300.0,24000.0
2015-10-29,24200.0,729800.0,24200.0,24300.0,24000.0
2015-10-28,24000.0,583210.0,24300.0,24500.0,24000.0
2015-10-27,24400.0,759540.0,24400.0,24600.0,24300.0
2015-10-26,24300.0,743780.0,24700.0,24700.0,24300.0
2015-10-23,24600.0,1075700.0,24500.0,24700.0,24300.0
2015-10-22,24100.0,312420.0,24000.0,24400.0,23800.0
2015-10-21,24000.0,749170.0,24000.0,24300.0,23800.0
2015-10-20,24000.0,992240.0,24400.0,24500.0,24000.0
2015-10-19,24500.0,589810.0,24500.0,24600.0,24300.0
2015-10-16,24500.0,1057440.0,24500.0,24700.0,24300.0
2015-10-15,24400.0,1234690.0,24500.0,24700.0,24200.0
2015-10-14,24400.0,776170.0,24400.0,24600.0,24300.0
2015-10-13,24600.0,783600.0,24500.0,24800.0,24400.0
2015-10-12,24500.0,1027720.0,24200.0,24900.0,24200.0
2015-10-09,24400.0,1805900.0,24500.0,24900.0,24200.0
2015-10-08,24200.0,894920.0,24000.0,24500.0,24000.0
2015-10-07,24000.0,764870.0,24800.0,24800.0,24000.0
2015-10-06,24600.0,1791950.0,24000.0,24700.0,24000.0
2015-10-05,23600.0,499560.0,23400.0,23700.0,23300.0
2015-10-02,23200.0,577300.0,23500.0,23500.0,23200.0
2015-10-01,23500.0,201000.0,23600.0,23900.0,23500.0
2015-09-30,23700.0,600380.0,23500.0,23900.0,23500.0
2015-09-29,23500.0,1326250.0,23200.0,23600.0,23100.0
2015-09-28,23500.0,825810.0,24000.0,24000.0,23500.0
2015-09-25,24000.0,762190.0,23900.0,24200.0,23800.0
2015-09-24,23900.0,1178880.0,24300.0,24500.0,23900.0
2015-09-23,24200.0,2326020.0,24100.0,24300.0,23800.0
2015-09-22,24600.0,893470.0,24800.0,24900.0,24400.0
2015-09-21,24800.0,761850.0,24500.0,25000.0,24000.0
2015-09-18,24500.0,6916750.0,23100.0,24800.0,23100.0
2015-09-17,24800.0,68170.0,24800.0,24800.0,24800.0
2015-09-16,26600.0,130560.0,26600.0,26600.0,26600.0
2015-09-15,28500.0,9105340.0,28500.0,28500.0,27800.0
2015-09-14,26700.0,1337100.0,26700.0,26700.0,26700.0
2015-09-11,25000.0,1772310.0,25300.0,25600.0,24900.0
2015-09-10,25400.0,1899900.0,25300.0,25900.0,25200.0
2015-09-09,25800.0,2989190.0,26500.0,26500.0,25700.0
2015-09-08,25400.0,4291870.0,23800.0,25400.0,23800.0
2015-09-07,23800.0,2195310.0,23600.0,24300.0,23400.0
2015-09-04,23000.0,916910.0,23000.0,23500.0,23000.0
2015-09-03,23300.0,1626640.0,23600.0,23600.0,22900.0
2015-09-01,23600.0,1682720.0,23000.0,23700.0,22900.0
2015-08-31,23200.0,1706340.0,23300.0,23400.0,22800.0
2015-08-28,23300.0,2490750.0,22600.0,23300.0,22500.0
2015-08-27,22600.0,2536570.0,22300.0,22700.0,22100.0
2015-08-26,21800.0,1858500.0,20400.0,21800.0,20400.0
2015-08-25,20400.0,2327500.0,19000.0,20600.0,19000.0
2015-08-24,19800.0,3840300.0,21200.0,21200.0,19800.0
2015-08-21,21200.0,2601620.0,20800.0,21400.0,20000.0
2015-08-20,21400.0,1138910.0,21500.0,22100.0,21200.0
2015-08-19,22000.0,1307770.0,21100.0,22500.0,21100.0
2015-08-18,22000.0,2133850.0,20800.0,22000.0,20600.0
2015-08-17,21000.0,2910110.0,22300.0,22400.0,20900.0
2015-08-14,22400.0,1208870.0,22100.0,22800.0,21900.0
2015-08-13,23000.0,2592400.0,23900.0,23900.0,23000.0
2015-08-12,23900.0,1738480.0,24200.0,24400.0,23800.0
2015-08-11,24500.0,2912710.0,24000.0,25100.0,23900.0
2015-08-10,23900.0,741270.0,23400.0,23900.0,23300.0
2015-08-07,23400.0,1370750.0,23400.0,23600.0,23000.0
2015-08-06,23400.0,2485570.0,24200.0,24300.0,23100.0
2015-08-05,24100.0,1689600.0,24100.0,24300.0,23800.0
2015-08-04,23700.0,3000080.0,24900.0,25000.0,23600.0
2015-08-03,24900.0,3550470.0,25300.0,25300.0,24300.0
2015-07-31,25500.0,1560060.0,26200.0,26400.0,25500.0
2015-07-30,25900.0,1024140.0,25800.0,26100.0,25600.0
2015-07-29,25800.0,1850030.0,26200.0,26400.0,25700.0
2015-07-28,26000.0,1836300.0,26300.0,26700.0,26000.0
2015-07-27,26300.0,1747310.0,25600.0,26500.0,25600.0
2015-07-24,25700.0,1457980.0,25900.0,26100.0,25600.0
2015-07-23,25900.0,3037270.0,26500.0,26800.0,25900.0
2015-07-22,26400.0,1793210.0,24800.0,26400.0,24800.0
2015-07-21,25000.0,2000630.0,25000.0,25400.0,24800.0
2015-07-20,25000.0,2687400.0,25000.0,25300.0,24500.0
2015-07-17,25400.0,1601570.0,25700.0,25800.0,25400.0
2015-07-16,25800.0,1999870.0,25800.0,26000.0,25300.0
2015-07-15,26000.0,2917830.0,26500.0,26900.0,25800.0
2015-07-14,26400.0,3092980.0,25700.0,26900.0,25500.0
2015-07-13,25800.0,2417630.0,25700.0,26200.0,25200.0
2015-07-10,25700.0,3914560.0,25700.0,25900.0,25300.0
2015-07-09,25300.0,5260640.0,25200.0,26200.0,25100.0
2015-07-08,25900.0,4433040.0,26300.0,27400.0,25100.0
2015-07-07,26700.0,3130440.0,25300.0,27000.0,24700.0
2015-07-06,25300.0,2877760.0,24900.0,25600.0,24700.0
2015-07-03,24600.0,2702600.0,24000.0,25000.0,23500.0
2015-07-02,23400.0,4039430.0,21800.0,23400.0,21800.0
2015-07-01,21900.0,1437650.0,22200.0,22300.0,21700.0
2015-06-30,22100.0,2042130.0,22000.0,22700.0,22000.0
2015-06-29,22200.0,2151360.0,21300.0,22300.0,21200.0
2015-06-26,21500.0,2965660.0,22700.0,22700.0,21500.0
2015-06-25,22700.0,1556650.0,22500.0,22800.0,22100.0
2015-06-24,22600.0,1771700.0,22600.0,22700.0,22400.0
2015-06-23,22700.0,1958010.0,22500.0,22800.0,22300.0
2015-06-22,22500.0,3260090.0,21800.0,22500.0,21800.0
2015-06-19,21800.0,1947610.0,21600.0,22200.0,21500.0
2015-06-18,21300.0,697040.0,21500.0,21700.0,21300.0
2015-06-17,21500.0,1396270.0,21200.0,21700.0,21100.0
2015-06-16,21500.0,1682910.0,22200.0,22400.0,21500.0
2015-06-15,22000.0,2040050.0,21300.0,22000.0,21200.0
2015-06-12,21200.0,1291230.0,21400.0,21600.0,21100.0
2015-06-11,21400.0,1450590.0,21400.0,21700.0,21000.0
2015-06-10,21200.0,2616750.0,21200.0,21300.0,20600.0
2015-06-09,21200.0,3117630.0,21800.0,22000.0,21000.0
2015-06-08,21800.0,2974130.0,22300.0,22600.0,21800.0
2015-06-05,21800.0,2937100.0,20500.0,21900.0,20500.0
2015-06-04,20600.0,2761430.0,20600.0,21100.0,20400.0
2015-06-03,20600.0,1709380.0,20700.0,21200.0,20200.0
2015-06-02,20600.0,3699620.0,20900.0,21900.0,20500.0
2015-06-01,20900.0,2520640.0,20200.0,21600.0,19900.0
2015-05-29,20200.0,2213330.0,20200.0,20700.0,20000.0
2015-05-28,20300.0,3016040.0,19600.0,20700.0,19400.0
2015-05-27,19500.0,2260150.0,19100.0,19900.0,19000.0
2015-05-26,19200.0,2855890.0,18600.0,19300.0,18500.0
2015-05-25,18600.0,1170460.0,18200.0,18700.0,18200.0
2015-05-22,18300.0,1889170.0,17800.0,18400.0,17800.0
2015-05-21,17800.0,984730.0,17900.0,18100.0,17800.0
2015-05-20,17800.0,1103900.0,17300.0,17900.0,17300.0
2015-05-19,17300.0,481540.0,17300.0,17400.0,17100.0
2015-05-18,17100.0,677080.0,17300.0,17400.0,17000.0
2015-05-15,17300.0,1013200.0,17600.0,17700.0,17300.0
2015-05-14,17500.0,804260.0,17300.0,17700.0,17100.0
2015-05-13,17300.0,1621480.0,17500.0,17600.0,17000.0
2015-05-12,17500.0,1428100.0,17700.0,17800.0,17100.0
2015-05-11,17700.0,465380.0,17900.0,18000.0,17700.0
2015-05-08,17900.0,1376640.0,17800.0,18000.0,17500.0
2015-05-07,18400.0,771260.0,17600.0,18500.0,17600.0
2015-05-06,17800.0,761530.0,18000.0,18200.0,17600.0
2015-05-05,18000.0,1981420.0,17700.0,18100.0,17100.0
2015-05-04,17500.0,1881900.0,18800.0,18800.0,17500.0
2015-04-27,18800.0,950380.0,19000.0,19200.0,18800.0
2015-04-24,19000.0,684920.0,18700.0,19000.0,18700.0
2015-04-23,18600.0,1127420.0,18700.0,18800.0,18400.0
2015-04-22,18600.0,2705440.0,18800.0,19000.0,18400.0
2015-04-21,18800.0,2204810.0,19000.0,19300.0,18800.0
2015-04-20,19100.0,1284590.0,19200.0,19300.0,19000.0
2015-04-17,19300.0,2686790.0,19600.0,19800.0,19300.0
2015-04-16,19600.0,4920810.0,19000.0,19700.0,19000.0
2015-04-15,19000.0,2069480.0,18800.0,19100.0,18800.0
2015-04-14,19000.0,5097900.0,19000.0,19400.0,18900.0
2015-04-13,19000.0,1486590.0,19000.0,19200.0,18700.0
2015-04-10,19000.0,3852170.0,18800.0,19300.0,18800.0
2015-04-09,18900.0,2454430.0,18400.0,18900.0,18400.0
2015-04-08,18500.0,910500.0,18400.0,18600.0,18300.0
2015-04-07,18400.0,2636680.0,17700.0,18400.0,17700.0
2015-04-06,17800.0,569590.0,17800.0,17900.0,17700.0
2015-04-03,17800.0,1450020.0,17900.0,18000.0,17700.0
2015-04-02,17900.0,1271640.0,17500.0,17900.0,17300.0
2015-04-01,17300.0,1268780.0,17600.0,17700.0,17300.0
2015-03-31,17600.0,1169760.0,17100.0,17800.0,17100.0
2015-03-30,17300.0,1263880.0,17700.0,17800.0,17300.0
2015-03-27,17700.0,1477530.0,17900.0,18000.0,17600.0
2015-03-26,17800.0,2105980.0,17200.0,18000.0,17200.0
2015-03-25,17400.0,1102480.0,17300.0,17600.0,17100.0
2015-03-24,17200.0,2786500.0,17100.0,17200.0,16700.0
2015-03-23,17300.0,1769900.0,17600.0,18100.0,17200.0
2015-03-20,17900.0,1173340.0,18100.0,18000.0,17600.0
2015-03-19,17700.0,1820330.0,18200.0,18200.0,17600.0
2015-03-18,18000.0,2495840.0,18200.0,18300.0,17900.0
2015-03-17,18300.0,1211420.0,18300.0,18500.0,18200.0
2015-03-16,18300.0,1402610.0,18500.0,18600.0,18300.0
2015-03-13,18600.0,2433590.0,18500.0,18800.0,18500.0
2015-03-12,18400.0,1252200.0,18300.0,18500.0,18300.0
2015-03-11,18300.0,1830980.0,18100.0,18600.0,18100.0
2015-03-10,18300.0,1700740.0,18000.0,18400.0,18000.0
2015-03-09,18100.0,1681020.0,18500.0,18600.0,18000.0
2015-03-06,18500.0,3674670.0,18000.0,18700.0,17900.0
2015-03-05,18100.0,2812950.0,18600.0,18700.0,18100.0
2015-03-04,18600.0,3163180.0,18600.0,18700.0,18300.0
2015-03-03,18600.0,2069810.0,18500.0,18800.0,18500.0
2015-03-02,18500.0,2321900.0,18400.0,18700.0,18300.0
2015-02-27,18600.0,2068430.0,18900.0,19100.0,18500.0
2015-02-26,18900.0,2272350.0,18500.0,19000.0,18500.0
2015-02-25,18500.0,6844330.0,18800.0,19200.0,18400.0
2015-02-24,18500.0,2604540.0,18100.0,18600.0,18000.0
2015-02-13,17800.0,2237110.0,17800.0,18100.0,17500.0
2015-02-12,17800.0,2683000.0,17800.0,18200.0,17500.0
2015-02-11,18100.0,2092460.0,17800.0,18200.0,17700.0
2015-02-10,17900.0,3685400.0,17800.0,18100.0,17600.0
2015-02-09,17300.0,4540560.0,17200.0,17700.0,17100.0
2015-02-06,17400.0,2719610.0,16500.0,17400.0,16300.0
2015-02-05,16400.0,1889090.0,15800.0,16500.0,15800.0
2015-02-04,15700.0,4557400.0,15700.0,15900.0,15100.0
2015-02-03,16000.0,4755860.0,17500.0,17500.0,16000.0
2015-02-02,17200.0,2416500.0,17400.0,17700.0,17200.0
2015-01-30,17500.0,4223660.0,18000.0,18100.0,17400.0
2015-01-29,18200.0,4488270.0,18500.0,18800.0,17900.0
2015-01-28,18600.0,7664440.0,17400.0,18600.0,17400.0
2015-01-27,17400.0,6307270.0,17300.0,18000.0,17100.0
2015-01-26,17400.0,2805130.0,17400.0,17600.0,17200.0
2015-01-23,17400.0,5685560.0,17200.0,17700.0,17100.0
2015-01-22,16700.0,4915010.0,15700.0,16700.0,15400.0
2015-01-21,15700.0,1726690.0,16200.0,16300.0,15700.0
2015-01-20,16200.0,1468560.0,16300.0,16400.0,16000.0
2015-01-19,16400.0,3218140.0,16500.0,16800.0,16200.0
2015-01-16,16200.0,2253150.0,16500.0,16700.0,16200.0
2015-01-15,16400.0,3854730.0,16300.0,16900.0,16300.0
2015-01-14,16300.0,3626720.0,16200.0,16900.0,15900.0
2015-01-13,16400.0,4239540.0,15600.0,16500.0,15600.0
2015-01-12,15500.0,3509140.0,15000.0,15500.0,14900.0
2015-01-09,14500.0,3291280.0,13600.0,14500.0,13600.0
2015-01-08,13600.0,798240.0,13600.0,13800.0,13400.0
2015-01-07,13600.0,830630.0,13200.0,13600.0,13100.0
2015-01-06,13200.0,403170.0,12800.0,13300.0,12800.0
2015-01-05,12900.0,66380.0,12900.0,13000.0,12900.0
2014-12-31,12700.0,214120.0,12900.0,13100.0,12700.0
2014-12-30,12900.0,128410.0,12700.0,12900.0,12700.0
2014-12-29,12700.0,86380.0,12900.0,13000.0,12700.0
2014-12-26,12800.0,84170.0,13000.0,13000.0,12800.0
2014-12-25,13000.0,102730.0,12900.0,13000.0,12800.0
2014-12-24,13000.0,92620.0,13000.0,13100.0,12900.0
2014-12-23,13100.0,146840.0,13100.0,13200.0,13000.0
2014-12-22,13100.0,364470.0,12900.0,13200.0,12900.0
2014-12-19,12900.0,51430.0,12900.0,13000.0,12700.0
2014-12-18,12900.0,72360.0,12800.0,12900.0,12700.0
2014-12-17,12700.0,373740.0,12800.0,13000.0,12500.0
2014-12-16,12900.0,197950.0,13000.0,13100.0,12900.0
2014-12-15,13100.0,124110.0,13100.0,13200.0,13100.0
2014-12-12,13100.0,188780.0,13100.0,13300.0,13100.0
2014-12-11,13100.0,310500.0,13000.0,13200.0,12900.0
2014-12-10,13000.0,458660.0,12900.0,13200.0,12700.0
2014-12-09,12900.0,428590.0,13200.0,13200.0,12800.0
2014-12-08,13200.0,220750.0,13400.0,13400.0,13200.0
2014-12-05,13400.0,434010.0,13300.0,13500.0,13200.0
2014-12-04,13300.0,801550.0,13100.0,13600.0,13000.0
2014-12-03,13100.0,213520.0,13000.0,13100.0,12900.0
2014-12-02,13100.0,495640.0,12900.0,13100.0,12700.0
2014-12-01,12900.0,97520.0,12700.0,12900.0,12700.0
2014-11-28,12700.0,188610.0,12700.0,12800.0,12700.0
2014-11-27,12700.0,361890.0,12800.0,12800.0,12600.0
2014-11-26,12800.0,274110.0,12900.0,13000.0,12800.0
2014-11-25,12900.0,150970.0,12900.0,13000.0,12900.0
2014-11-24,12900.0,202960.0,13000.0,13000.0,12800.0
2014-11-21,13000.0,347440.0,13000.0,13100.0,13000.0
2014-11-20,13000.0,140250.0,13100.0,13100.0,13000.0
2014-11-19,13100.0,104150.0,13000.0,13100.0,13000.0
2014-11-18,13100.0,244260.0,13000.0,13200.0,13000.0
2014-11-17,13200.0,258110.0,13200.0,13200.0,13000.0
2014-11-14,13000.0,223700.0,13200.0,13200.0,13000.0
2014-11-13,13200.0,139390.0,13100.0,13200.0,13000.0
2014-11-12,13000.0,124110.0,13100.0,13100.0,13000.0
2014-11-11,13000.0,116250.0,13100.0,13200.0,13000.0
2014-11-10,13100.0,113490.0,13100.0,13200.0,13100.0
2014-11-07,13100.0,148180.0,13100.0,13200.0,13000.0
2014-11-06,13100.0,237440.0,13000.0,13200.0,13000.0
2014-11-05,12900.0,133390.0,13000.0,13100.0,12900.0
2014-11-04,13000.0,109060.0,13200.0,13200.0,13000.0
2014-11-03,13200.0,419180.0,13400.0,13500.0,13200.0
2014-10-31,13500.0,372750.0,12800.0,13500.0,12700.0
2014-10-30,12800.0,69700.0,12900.0,12900.0,12700.0
2014-10-29,12800.0,189190.0,12700.0,12900.0,12700.0
2014-10-28,12700.0,299750.0,12600.0,12700.0,12600.0
2014-10-27,12600.0,353810.0,12900.0,13000.0,12600.0
2014-10-24,13000.0,127540.0,13000.0,13200.0,13000.0
2014-10-23,13100.0,311540.0,13200.0,13200.0,13000.0
2014-10-22,13200.0,159840.0,13200.0,13300.0,13100.0
2014-10-21,13200.0,155550.0,13100.0,13200.0,13100.0
2014-10-20,13200.0,100900.0,13200.0,13200.0,13000.0
2014-10-17,13100.0,414390.0,13100.0,13200.0,12900.0
2014-10-16,13100.0,221660.0,13300.0,13400.0,13100.0
2014-10-15,13300.0,272660.0,13300.0,13400.0,13200.0
2014-10-14,13300.0,257940.0,13600.0,13600.0,13300.0
2014-10-13,13500.0,302560.0,13700.0,13700.0,13400.0
2014-10-10,13600.0,423660.0,13700.0,13700.0,13600.0
2014-10-09,13700.0,433470.0,13700.0,13800.0,13600.0
2014-10-08,13700.0,669460.0,13800.0,13800.0,13600.0
2014-10-07,13800.0,258270.0,13900.0,13900.0,13800.0
2014-10-06,13900.0,288640.0,13900.0,13900.0,13800.0
2014-10-03,13900.0,108820.0,13900.0,14000.0,13800.0
2014-10-02,13900.0,343140.0,13800.0,13900.0,13800.0
2014-10-01,13800.0,250860.0,13800.0,13900.0,13800.0
2014-09-30,13800.0,230550.0,13900.0,13900.0,13700.0
2014-09-29,13900.0,368070.0,13800.0,14000.0,13800.0
2014-09-26,13800.0,97740.0,13900.0,14000.0,13800.0
2014-09-25,13900.0,335400.0,13800.0,14000.0,13700.0
2014-09-24,13700.0,206180.0,13800.0,13900.0,13700.0
2014-09-23,13800.0,269030.0,13800.0,13900.0,13700.0
2014-09-22,13800.0,354320.0,13900.0,14000.0,13800.0
2014-09-19,13900.0,225530.0,13900.0,14000.0,13800.0
2014-09-18,13900.0,221490.0,14000.0,14000.0,13800.0
2014-09-17,13900.0,434550.0,13900.0,14000.0,13800.0
2014-09-16,13900.0,473890.0,14000.0,14000.0,13800.0
2014-09-15,14000.0,392500.0,14100.0,14200.0,13900.0
2014-09-12,14100.0,250500.0,14100.0,14200.0,14000.0
2014-09-11,14100.0,209860.0,14200.0,14200.0,14000.0
2014-09-10,14100.0,252240.0,14100.0,14200.0,14000.0
2014-09-09,14200.0,399870.0,14200.0,14300.0,14000.0
2014-09-08,14200.0,846120.0,14400.0,14400.0,14200.0
2014-09-05,14400.0,739480.0,14400.0,14500.0,14200.0
2014-09-04,14500.0,390050.0,14600.0,14800.0,14400.0
2014-09-03,14700.0,593880.0,14900.0,15100.0,14600.0
2014-08-29,14900.0,2090500.0,14000.0,14900.0,13900.0
2014-08-28,14000.0,202330.0,13900.0,14000.0,13900.0
2014-08-27,13900.0,227180.0,14100.0,14100.0,13900.0
2014-08-26,14100.0,367320.0,14000.0,14100.0,13900.0
2014-08-25,13900.0,313870.0,14000.0,14000.0,13900.0
2014-08-22,13900.0,585500.0,14200.0,14200.0,13900.0
2014-08-21,14200.0,475540.0,14100.0,14200.0,13900.0
2014-08-20,14000.0,370800.0,13900.0,14000.0,13900.0
2014-08-19,13900.0,343930.0,13900.0,14000.0,13900.0
2014-08-18,13900.0,721730.0,14100.0,14200.0,13800.0
2014-08-15,14200.0,202100.0,14400.0,14400.0,14200.0
2014-08-14,14300.0,261390.0,14400.0,14600.0,14300.0
2014-08-13,14500.0,329460.0,14300.0,14500.0,14200.0
2014-08-12,14400.0,252780.0,14500.0,14500.0,14300.0
2014-08-11,14500.0,256040.0,14700.0,14800.0,14500.0
2014-08-08,14800.0,899050.0,15000.0,15000.0,14600.0
2014-08-07,15600.0,603770.0,15500.0,15700.0,15500.0
2014-08-06,15600.0,278630.0,15700.0,15700.0,15500.0
2014-08-05,15700.0,730130.0,15700.0,15800.0,15600.0
2014-08-04,15700.0,1466890.0,15300.0,15800.0,15300.0
2014-08-01,15300.0,406370.0,15200.0,15400.0,15200.0
2014-07-31,15200.0,356880.0,15200.0,15300.0,15100.0
2014-07-30,15200.0,1349570.0,15100.0,15400.0,15000.0
2014-07-29,15100.0,242380.0,15400.0,15400.0,15100.0
2014-07-28,15300.0,450520.0,15300.0,15400.0,15100.0
2014-07-25,15300.0,1736770.0,14800.0,15700.0,14800.0
2014-07-24,14800.0,185940.0,14700.0,14900.0,14700.0
2014-07-23,14700.0,142650.0,14900.0,14900.0,14700.0
2014-07-22,14800.0,95750.0,14800.0,14900.0,14700.0
2014-07-21,14900.0,126260.0,14900.0,15000.0,14800.0
2014-07-18,15000.0,347570.0,15000.0,15000.0,14900.0
2014-07-17,14900.0,103650.0,14900.0,15000.0,14800.0
2014-07-16,14900.0,356200.0,15000.0,15000.0,14900.0
2014-07-15,14900.0,355370.0,14800.0,14900.0,14700.0
2014-07-14,14800.0,82990.0,14800.0,14900.0,14700.0
2014-07-11,14900.0,117230.0,14900.0,14900.0,14800.0
2014-07-10,14800.0,344960.0,15000.0,15000.0,14800.0
2014-07-09,15000.0,304900.0,14900.0,15100.0,14800.0
2014-07-08,14800.0,284940.0,15000.0,15100.0,14800.0
2014-07-07,15000.0,252570.0,15100.0,15200.0,15000.0
2014-07-04,15200.0,206750.0,15200.0,15200.0,15100.0
2014-07-03,15200.0,391260.0,15200.0,15300.0,15100.0
2014-07-02,15200.0,650420.0,15100.0,15300.0,15000.0
2014-07-01,15100.0,375930.0,15100.0,15100.0,15000.0
2014-06-30,15200.0,259480.0,15200.0,15200.0,15000.0
2014-06-27,15200.0,295440.0,15000.0,15200.0,15000.0
2014-06-26,15100.0,561760.0,14900.0,15300.0,14800.0
2014-06-25,15000.0,282130.0,14900.0,15000.0,14800.0
2014-06-24,15000.0,317550.0,14800.0,15000.0,14800.0
2014-06-23,14900.0,210760.0,14700.0,14900.0,14700.0
2014-06-20,14700.0,136260.0,14800.0,14900.0,14700.0
2014-06-19,14900.0,310390.0,14800.0,14900.0,14600.0
2014-06-18,14900.0,427080.0,14900.0,15000.0,14800.0
2014-06-17,14900.0,241630.0,14900.0,15000.0,14800.0
2014-06-16,14900.0,343780.0,14900.0,15000.0,14800.0
2014-06-13,14900.0,507030.0,14800.0,15000.0,14700.0
2014-06-12,14900.0,454450.0,14700.0,14900.0,14700.0
2014-06-11,14700.0,361280.0,14700.0,14700.0,14500.0
2014-06-10,14700.0,216450.0,14500.0,14800.0,14400.0
2014-06-09,14500.0,162110.0,14600.0,14700.0,14400.0
2014-06-06,14600.0,91870.0,14400.0,14600.0,14400.0
2014-06-05,14500.0,54870.0,14500.0,14500.0,14300.0
2014-06-04,14500.0,157450.0,14500.0,14600.0,14300.0
2014-06-03,14500.0,168500.0,14500.0,14700.0,14500.0
2014-06-02,14600.0,278960.0,14800.0,14800.0,14500.0
2014-05-30,14800.0,192420.0,14800.0,14900.0,14700.0
2014-05-29,14900.0,423040.0,14800.0,15000.0,14800.0
2014-05-28,14900.0,404820.0,15000.0,15000.0,14800.0
2014-05-27,15000.0,445140.0,14600.0,15000.0,14600.0
2014-05-26,14600.0,103450.0,14500.0,14700.0,14500.0
2014-05-23,14700.0,163360.0,14700.0,14700.0,14500.0
2014-05-22,14600.0,233070.0,14900.0,14900.0,14600.0
2014-05-21,14900.0,604540.0,14600.0,15000.0,14400.0
2014-05-20,14700.0,181780.0,14500.0,14700.0,14400.0
2014-05-19,14500.0,357580.0,14400.0,14700.0,14400.0
2014-05-16,14600.0,333670.0,14200.0,14600.0,14100.0
2014-05-15,14200.0,636940.0,14800.0,14800.0,13900.0
2014-05-14,14700.0,473470.0,14000.0,14800.0,14000.0
2014-05-13,14100.0,695610.0,13500.0,14200.0,13500.0
2014-05-12,14000.0,520700.0,14700.0,14700.0,13800.0
2014-05-09,14800.0,308830.0,14400.0,14800.0,14400.0
2014-05-08,14600.0,1515840.0,15300.0,15300.0,14500.0
2014-05-07,15500.0,274120.0,15200.0,15600.0,15200.0
2014-05-06,15200.0,479520.0,15500.0,15600.0,15100.0
2014-05-05,15600.0,301760.0,15900.0,15900.0,15500.0
2014-04-29,15800.0,202970.0,15700.0,15800.0,15700.0
2014-04-28,15700.0,336220.0,15700.0,15800.0,15600.0
2014-04-25,15700.0,516240.0,15700.0,16000.0,15700.0
2014-04-24,15900.0,288090.0,15700.0,15900.0,15700.0
2014-04-23,15800.0,217960.0,15900.0,15900.0,15600.0
2014-04-22,15800.0,529160.0,15400.0,15800.0,15300.0
2014-04-21,15500.0,565920.0,15900.0,15900.0,15400.0
2014-04-18,15900.0,763370.0,16100.000000000002,16200.0,15900.0
2014-04-17,16100.000000000002,681040.0,16000.0,16400.0,16000.0
2014-04-16,16000.0,1065090.0,16500.0,16500.0,15800.0
2014-04-15,16500.0,480360.0,16600.0,16700.0,16500.0
2014-04-14,16700.0,414100.0,16700.0,16800.0,16600.0
2014-04-11,16600.0,670380.0,16600.0,16700.0,16500.0
2014-04-10,16700.0,485550.0,16700.0,16800.0,16700.0
2014-04-08,16700.0,515610.0,16800.0,16900.0,16700.0
2014-04-07,16800.0,441790.0,16800.0,16900.0,16700.0
2014-04-04,16900.0,608360.0,16900.0,16900.0,16700.0
2014-04-03,16800.0,519700.0,16700.0,16900.0,16600.0
2014-04-02,16700.0,1217110.0,16700.0,16800.0,16500.0
2014-04-01,16700.0,1701600.0,16900.0,16900.0,16600.0
2014-03-31,16800.0,831760.0,17100.0,17100.0,16800.0
2014-03-28,17000.0,713160.0,16800.0,17000.0,16800.0
2014-03-27,16800.0,1026180.0,16900.0,16900.0,16700.0
2014-03-26,16800.0,2030920.0,17300.0,17300.0,16700.0
2014-03-25,17200.0,2051430.0,17700.0,17700.0,17200.0
2014-03-24,17600.0,2498010.0,17700.0,18000.0,17600.0
2014-03-21,17500.0,1236010.0,17500.0,17800.0,17500.0
2014-03-20,17700.0,3325420.0,17500.0,18000.0,17500.0
2014-03-19,17400.0,5624790.0,16900.0,17400.0,16900.0
2014-03-18,16800.0,2171570.0,16600.0,16900.0,16500.0
2014-03-17,16600.0,989350.0,16600.0,16700.0,16500.0
2014-03-14,16600.0,924510.0,16600.0,16700.0,16400.0
2014-03-13,16500.0,806950.0,16600.0,16600.0,16400.0
2014-03-12,16500.0,979430.0,16600.0,16700.0,16500.0
2014-03-11,16600.0,752790.0,16600.0,16700.0,16600.0
2014-03-10,16700.0,957770.0,16600.0,16800.0,16600.0
2014-03-07,16600.0,773450.0,16600.0,16700.0,16600.0
2014-03-06,16600.0,768340.0,16600.0,16700.0,16500.0
2014-03-05,16600.0,737090.0,16700.0,16800.0,16600.0
2014-03-04,16600.0,1551740.0,16600.0,16700.0,16500.0
2014-03-03,16700.0,954830.0,16900.0,17000.0,16700.0
2014-02-28,17000.0,1154560.0,16800.0,17000.0,16800.0
2014-02-27,16900.0,3731900.0,16700.0,17400.0,16700.0
2014-02-26,16700.0,1399670.0,16700.0,16900.0,16600.0
2014-02-25,16700.0,1249150.0,16600.0,16700.0,16500.0
2014-02-24,16700.0,833430.0,16800.0,16800.0,16600.0
2014-02-21,16700.0,903040.0,16800.0,16800.0,16700.0
2014-02-20,16900.0,3243650.0,16700.0,17200.0,16600.0
2014-02-19,16600.0,2988120.0,16700.0,16800.0,16500.0
2014-02-18,16600.0,1861540.0,16700.0,16700.0,16600.0
2014-02-17,16700.0,1173560.0,16900.0,16900.0,16600.0
2014-02-14,16800.0,1489380.0,16800.0,17000.0,16600.0
2014-02-13,16600.0,2156140.0,16800.0,16900.0,16600.0
2014-02-12,16800.0,1176180.0,16800.0,16900.0,16700.0
2014-02-11,16900.0,1938480.0,17200.0,17200.0,16900.0
2014-02-10,17000.0,4052090.0,16500.0,17200.0,16200.0
2014-02-07,16600.0,2987600.0,17400.0,17500.0,16500.0
2014-02-06,17600.0,959590.0,18200.0,18300.0,17600.0
2014-01-27,18400.0,3240910.0,18700.0,18800.0,18100.0
2014-01-24,18800.0,8417060.0,19000.0,19500.0,18500.0
