,Date,Close,VWAP,Open,Volume,High,Low,BuyQuantity,SellQuantity,ROE,EPS
0,30/08/2019,35000,35306.97,35500,398600,36000,35000,0,0,11.95,3319.5
1,29/08/2019,35800,35705.7,35400,265100,36400,35300,547100,426200,11.95,3319.5
2,28/08/2019,35400,35713.32,36100,395000,36500,35300,828800,495800,11.95,3319.5
3,27/08/2019,36100,36522.39,37100,666400,37300,35900,769500,764600,11.95,3319.5
4,26/08/2019,37100,37500.23,38000,487600,38000,37100,607500,594300,11.95,3319.5
5,23/08/2019,38400,38114.89,38300,390800,38800,37800,493800,487000,11.95,3319.5
6,22/08/2019,38400,38977.94,39200,520800,39500,38400,812900,738500,11.95,3319.5
7,21/08/2019,39400,39327.27,39500,409900,39700,39100,817600,711800,11.95,3319.5
8,20/08/2019,39500,39403.98,39100,397000,39600,39100,779300,604500,11.95,3319.5
9,19/08/2019,39100,39543.82,39400,721200,40300,39100,897000,956200,11.95,3319.5
10,16/08/2019,39000,40147.54,39800,1159200,40500,39000,1404900,1399500,11.95,3319.5
11,15/08/2019,39800,39387.59,39000,610900,39800,38300,1514200,762800,11.95,3319.5
12,14/08/2019,39400,39231.86,38000,1111900,39500,38000,1343000,1291900,11.95,3319.5
13,13/08/2019,38000,37750.48,37500,227000,38000,37300,449300,334300,11.95,3319.5
14,12/08/2019,37700,38075.23,38100,375000,38500,37700,964300,678700,11.95,3319.5
15,09/08/2019,38100,37933.36,37000,816600,38500,37000,945600,1068300,11.95,3319.5
16,08/08/2019,36800,36862.98,36200,356600,37400,35900,448900,621500,11.95,3319.5
17,07/08/2019,36200,36152.99,36300,70200,36400,35900,208000,186400,11.95,3319.5
18,06/08/2019,36300,36068.24,36300,80300,36300,35900,222100,150700,11.95,3319.5
19,05/08/2019,36500,36187.25,36400,223500,36600,36000,376400,350100,11.95,3319.5
20,02/08/2019,36400,35694.73,36000,83500,36400,35500,193000,187400,11.95,3319.5
21,01/08/2019,36400,36209.13,36000,72300,36500,35700,151900,183100,11.95,3319.5
22,31/07/2019,36000,35554.9,35600,131700,36000,35100,272300,175600,11.95,3319.5
23,30/07/2019,35800,36053.28,37000,232000,37000,35800,389800,525700,11.95,3319.5
24,29/07/2019,36400,36350.45,37000,201200,37000,36000,408400,317500,11.95,3319.5
25,26/07/2019,37100,37033.45,37400,85200,37900,36800,234000,213900,11.95,3319.5
26,25/07/2019,37400,37342.11,37900,180000,38100,37000,313200,426400,11.95,3319.5
27,24/07/2019,37400,37661.74,37500,483000,38100,37100,650100,755000,11.95,3319.5
28,23/07/2019,36900,36192.33,36100,207400,37000,35600,384700,303000,11.95,3319.5
29,22/07/2019,36000,36167.89,36500,182200,36500,36000,334800,249800,11.95,3319.5
30,19/07/2019,36500,36642.09,37100,84100,37100,36500,284300,199500,11.95,3319.5
31,18/07/2019,37000,37229.79,37600,63100,37600,37000,247800,168800,11.95,3319.5
32,17/07/2019,37500,37516.52,37600,91400,37700,37300,322700,258200,11.95,3319.5
33,16/07/2019,37600,37572.27,37300,110700,37900,37300,246500,257500,11.95,3319.5
34,15/07/2019,37300,37596.07,37000,241500,38000,36800,478000,472500,11.95,3319.5
35,12/07/2019,37000,36837.94,36700,130200,37100,36500,361700,180800,11.95,3319.5
36,11/07/2019,36600,36436.64,36600,49400,36700,36100,205200,86700,11.95,3319.5
37,10/07/2019,36600,36454.84,36700,34100,36700,36000,155800,137000,11.95,3319.5
38,09/07/2019,36500,36211.36,36300,44000,36800,35900,288000,194300,11.95,3319.5
39,08/07/2019,36300,36360.09,37400,115000,37400,36000,336900,162500,11.95,3319.5
40,05/07/2019,37300,37314.1,37400,23400,37400,37200,162200,67800,11.95,3319.5
41,04/07/2019,37400,37347.83,37500,57700,37600,37200,185400,138500,11.95,3319.5
42,03/07/2019,37400,37235.65,37000,89200,38000,37000,139000,169300,11.95,3319.5
43,02/07/2019,36900,37025.27,37000,54600,37300,36900,172200,104700,11.95,3319.5
44,01/07/2019,37000,37068.51,36700,164800,37500,36600,343000,235600,11.95,3319.5
45,28/06/2019,36800,36499.3,36700,57500,36800,36300,82500,125200,11.95,3319.5
46,27/06/2019,36700,36768.99,36600,57400,37000,36600,186700,94600,11.95,3319.5
47,26/06/2019,36800,36806.64,36800,49700,37000,36600,186200,142300,11.95,3319.5
48,25/06/2019,36900,36786.13,36800,90100,37200,36500,263200,138500,11.95,3319.5
49,24/06/2019,36900,36848.68,36500,75800,37500,36500,153000,139400,11.95,3319.5
50,21/06/2019,37100,37162.37,37100,48900,37500,36800,199600,139200,11.95,3319.5
51,20/06/2019,37100,36512.24,35900,195300,37500,35900,491500,280000,11.95,3319.5
52,19/06/2019,35900,35712.38,35500,71900,35900,35500,242800,146100,11.95,3319.5
53,18/06/2019,35800,35489.51,35500,44800,35800,35200,164400,82500,11.95,3319.5
54,17/06/2019,35800,35676.96,36000,56000,36000,35500,223600,108700,11.95,3319.5
55,14/06/2019,36000,35878.23,35800,39500,36000,35800,190300,69100,11.95,3319.5
56,13/06/2019,36000,35950.4,35700,24800,36000,35700,186800,62700,11.95,3319.5
57,12/06/2019,36000,36000.0,35500,75500,36300,35500,253000,103600,11.95,3319.5
58,11/06/2019,35800,35706.27,35500,65400,35900,35500,201700,109900,11.95,3319.5
59,10/06/2019,35700,35886.22,35100,90000,36300,35100,224300,142400,11.95,3319.5
60,07/06/2019,35800,35895.47,35000,112600,36100,35000,293900,152300,11.95,3319.5
61,06/06/2019,35300,35730.79,36500,128600,36500,35300,236800,191200,11.95,3319.5
62,05/06/2019,36100,36058.85,37000,87000,37000,35600,132100,142400,11.95,3319.5
63,04/06/2019,36700,36762.3,37000,103700,37300,36000,135300,173100,11.95,3319.5
64,03/06/2019,37000,36907.22,37900,36000,37900,36500,49300,143800,11.95,3319.5
65,31/05/2019,37400,37457.36,37400,67300,38000,37100,92000,138800,11.95,3319.5
66,30/05/2019,37800,37583.61,37800,113500,38000,37000,146400,220100,11.95,3319.5
67,29/05/2019,37500,37637.66,37100,23900,38000,37100,37100,157200,11.95,3319.5
68,28/05/2019,37100,37180.78,38000,79600,38000,36800,165900,187700,11.95,3319.5
69,27/05/2019,37500,37598.43,37600,44500,38000,37000,75300,141600,11.95,3319.5
70,24/05/2019,37600,37731.06,38000,29300,38200,37500,132000,122100,11.95,3319.5
71,23/05/2019,37900,37899.13,38000,92400,38300,37600,180300,319000,11.95,3319.5
72,22/05/2019,38000,38401.91,38700,31400,38800,38000,71800,352400,11.95,3319.5
73,21/05/2019,38700,38869.95,38500,109800,39500,38500,155600,409300,11.95,3319.5
74,20/05/2019,38600,38790.39,38000,229900,41500,38000,346600,497600,11.95,3319.5
75,17/05/2019,38000,38099.55,38400,132700,38800,37500,213000,382100,11.95,3319.5
76,16/05/2019,38100,38269.81,39000,128500,39000,38000,181100,268300,11.95,3319.5
77,15/05/2019,38900,38917.75,38000,159400,39500,38000,287500,337000,11.95,3319.5
78,14/05/2019,38000,37837.3,37500,122000,38500,37000,275700,285900,11.95,3319.5
79,13/05/2019,37000,37273.35,37000,92300,37600,36800,176500,191200,11.95,3319.5
80,10/05/2019,37000,37124.04,37400,54900,39000,36600,83800,200600,11.95,3319.5
81,09/05/2019,37400,37541.07,38100,39200,38100,37000,45700,168500,11.95,3319.5
82,08/05/2019,39400,39314.37,39000,69600,39800,39000,136400,147500,11.95,3319.5
83,07/05/2019,39500,39298.52,39900,161900,40000,39000,253500,191200,11.95,3319.5
84,06/05/2019,39900,39965.83,40800,218900,40800,38500,294200,257800,11.95,3319.5
85,03/05/2019,41000,40863.93,41000,53500,41500,40700,85900,161900,11.95,3319.5
86,02/05/2019,41100,41329.86,42500,142000,42500,40500,260700,331100,11.95,3319.5
87,26/04/2019,40500,40670.18,41000,160300,41400,40500,289700,211000,11.95,3319.5
88,25/04/2019,41000,41386.71,41600,166300,41800,41000,334500,265500,11.95,3319.5
89,24/04/2019,41800,41671.73,42000,109300,42000,41500,292500,264900,11.95,3319.5
90,23/04/2019,41800,41743.3,41800,228200,42000,41500,343700,384000,11.95,3319.5
91,22/04/2019,41800,41343.41,40300,431900,41800,40000,624700,577200,11.95,3319.5
92,19/04/2019,40300,40296.84,40300,82200,40500,40000,154900,161700,11.95,3319.5
93,18/04/2019,40300,40284.67,40600,116800,40900,40000,221500,243600,11.95,3319.5
94,17/04/2019,40600,40533.57,40000,180500,40900,40000,258300,306700,11.95,3319.5
95,16/04/2019,40000,39898.02,39000,141500,40200,39000,253700,231900,11.95,3319.5
96,12/04/2019,39900,39615.06,38700,140800,40100,38700,290500,268200,11.95,3319.5
97,11/04/2019,38900,39193.65,39200,91400,39600,38900,163700,214700,11.95,3319.5
98,10/04/2019,39200,38944.45,38800,161300,39300,38500,238100,222000,11.95,3319.5
99,09/04/2019,38800,39231.44,39500,157100,39600,38700,237200,293000,11.95,3319.5
100,08/04/2019,39800,39784.7,39600,154900,40100,39600,280600,385700,11.95,3319.5
101,05/04/2019,39600,39407.0,39400,178600,39800,39000,356800,337900,11.95,3319.5
102,04/04/2019,39000,38770.21,38000,292400,39400,38000,433400,492600,11.95,3319.5
103,03/04/2019,37900,37884.61,38300,172200,38300,37600,281800,227500,11.95,3319.5
104,02/04/2019,38200,38073.84,38300,146000,38300,37900,278900,222000,11.95,3319.5
105,01/04/2019,38300,38206.93,37500,181700,38500,37500,350300,284900,11.95,3319.5
106,29/03/2019,37500,37234.94,36600,397300,37700,36200,569500,522800,11.95,3319.5
107,28/03/2019,35800,36184.04,35500,101500,36400,35500,117200,143900,11.95,3319.5
108,27/03/2019,36300,36408.44,36500,155300,36600,35900,174000,247400,11.95,3319.5
109,26/03/2019,36000,35762.17,36000,30400,36200,35400,52600,108000,11.95,3319.5
110,25/03/2019,36000,35979.45,35500,21900,36300,35300,43900,72600,11.95,3319.5
111,22/03/2019,36500,35990.84,35500,27300,36500,35000,103800,96300,11.95,3319.5
112,21/03/2019,36000,36485.54,36100,114100,37000,35600,118400,173300,11.95,3319.5
113,20/03/2019,36000,35880.95,36000,31500,36400,35500,39000,50600,11.95,3319.5
114,19/03/2019,36300,36298.0,36300,60000,36500,36100,71500,73400,11.95,3319.5
115,18/03/2019,36400,36519.49,36400,78000,36900,36000,108800,132000,11.95,3319.5
116,15/03/2019,36400,36062.21,35500,161700,36400,35500,184700,221100,11.95,3319.5
117,14/03/2019,35300,35324.52,35200,36300,35600,35000,57200,66800,11.95,3319.5
118,13/03/2019,35200,35414.66,35800,11600,35800,35200,21100,99200,11.95,3319.5
119,12/03/2019,35200,35143.23,35000,83500,35500,34900,134200,131700,11.95,3319.5
120,11/03/2019,35000,34983.69,35100,28200,35500,34800,64900,95900,11.95,3319.5
121,08/03/2019,35100,34998.47,35600,26100,35600,34600,52200,74300,11.95,3319.5
122,07/03/2019,35100,35087.19,35500,52300,35700,35000,89400,96200,11.95,3319.5
123,06/03/2019,35500,35339.38,35400,51300,35800,35100,78800,83800,11.95,3319.5
124,05/03/2019,35900,35663.49,35900,24100,36000,35400,121500,94200,11.95,3319.5
125,04/03/2019,36000,35500.0,35500,75500,36000,35100,127800,114100,11.95,3319.5
126,01/03/2019,35300,34872.99,33800,211400,35400,33800,271900,311100,11.95,3319.5
127,28/02/2019,33800,33700.76,33700,52800,34000,33600,79000,107800,11.95,3319.5
128,27/02/2019,33700,33592.58,34000,45800,34000,33500,124300,126200,11.95,3319.5
129,26/02/2019,33700,33609.07,34000,54000,34000,33500,121400,117900,11.95,3319.5
130,25/02/2019,33700,33701.91,33400,125500,34400,33300,202200,172500,11.95,3319.5
131,22/02/2019,33200,33467.64,33200,27500,34000,33000,61100,59000,11.95,3319.5
132,21/02/2019,34000,33684.92,34000,25200,34400,33500,48700,68600,11.95,3319.5
133,20/02/2019,34000,34032.02,33800,81200,34500,33800,109100,134100,11.95,3319.5
134,19/02/2019,33800,33709.04,34000,69700,34000,33400,157900,132700,11.95,3319.5
135,18/02/2019,34000,33652.43,33200,98600,34600,32700,161200,132500,11.95,3319.5
136,15/02/2019,33200,32744.96,32500,23800,33200,32500,155700,38600,11.95,3319.5
137,14/02/2019,33000,32761.18,32900,8500,33000,32500,53600,29200,11.95,3319.5
138,13/02/2019,32800,32711.72,33000,27300,33000,32600,88200,100300,11.95,3319.5
139,12/02/2019,33000,32648.0,32800,10000,33000,32500,34600,25800,11.95,3319.5
140,11/02/2019,32800,32582.41,32000,10800,32800,32000,37500,33900,11.95,3319.5
141,01/02/2019,32800,32850.0,32900,200,32900,32800,19300,13300,11.95,3319.5
142,31/01/2019,32800,32459.88,32800,65800,32800,32300,126400,119800,11.95,3319.5
143,30/01/2019,32800,32318.36,33000,62100,33400,32000,89000,101000,11.95,3319.5
144,29/01/2019,33000,32619.09,33400,11000,33400,32500,32000,43000,11.95,3319.5
145,28/01/2019,33000,33169.74,33400,15200,33400,32700,57500,70300,11.95,3319.5
146,25/01/2019,32900,32743.64,32700,11000,33000,32600,62600,29500,11.95,3319.5
147,24/01/2019,32800,32909.74,33300,15400,33300,32600,61300,46800,11.95,3319.5
148,23/01/2019,32600,32863.64,33200,20900,33200,32600,55400,39400,11.95,3319.5
149,22/01/2019,33100,32885.71,33700,21700,33700,32700,29200,68200,11.95,3319.5
150,21/01/2019,33400,33277.42,33500,62000,33700,33000,76400,119200,11.95,3319.5
151,18/01/2019,33600,33391.65,34000,44300,34000,32600,70800,72200,11.95,3319.5
152,17/01/2019,33900,33225.5,32400,100400,34500,32400,155100,160100,11.95,3319.5
153,16/01/2019,32500,32302.82,32500,46100,32500,32200,90600,119700,11.95,3319.5
154,15/01/2019,32500,32166.67,32100,3600,32500,32100,31700,117100,11.95,3319.5
155,14/01/2019,32500,32225.15,32500,17100,32500,32200,48900,35800,11.95,3319.5
156,11/01/2019,32200,32093.07,32200,10100,32200,32000,49800,46100,11.95,3319.5
157,10/01/2019,32200,32015.79,32000,22800,32600,32000,56800,56100,11.95,3319.5
158,09/01/2019,32200,32002.21,32000,36200,32300,32000,75400,66800,11.95,3319.5
159,08/01/2019,32000,32072.96,32500,31800,32500,32000,72600,55500,11.95,3319.5
160,07/01/2019,32500,32423.36,32900,10700,32900,32000,34400,55700,11.95,3319.5
161,04/01/2019,32500,32003.33,32000,90000,32500,32000,177200,161300,11.95,3319.5
162,03/01/2019,32500,31859.83,32500,108300,32500,31500,185000,222700,11.95,3319.5
163,02/01/2019,32500,32303.15,32300,25400,32500,32300,64400,55900,11.95,3319.5
164,28/12/2018,32400,32403.69,32700,32500,32700,32400,142000,74600,11.95,3319.5
165,27/12/2018,32700,32676.21,32700,80700,33100,32400,166800,133200,11.95,3319.5
166,26/12/2018,32700,32501.47,32600,61300,32700,32500,130800,117700,11.95,3319.5
167,25/12/2018,32500,32012.16,31900,135700,32500,31800,167200,165400,11.95,3319.5
168,24/12/2018,32000,32015.86,32500,45400,32500,31900,90500,82300,11.95,3319.5
169,21/12/2018,32500,32450.0,32400,200,32500,32400,33300,52200,11.95,3319.5
170,20/12/2018,32400,32097.26,32600,7300,32600,32000,48500,95500,11.95,3319.5
171,19/12/2018,32000,32051.45,33000,145200,33000,32000,217400,245300,11.95,3319.5
172,18/12/2018,32900,32043.62,32000,184100,33000,31400,287300,241800,11.95,3319.5
173,17/12/2018,32000,31994.87,32000,85700,32700,31900,171200,191200,11.95,3319.5
174,14/12/2018,32000,32043.05,32400,144700,32400,31900,218600,172400,11.95,3319.5
175,13/12/2018,32300,32258.73,31800,73900,32500,31600,173900,140700,11.95,3319.5
176,12/12/2018,32500,32023.81,32000,2100,32500,32000,56300,88400,11.95,3319.5
177,11/12/2018,32000,32410.05,32600,64700,32900,32000,203000,176800,11.95,3319.5
178,10/12/2018,32500,32704.63,32700,10800,32800,32500,58600,84200,11.95,3319.5
179,07/12/2018,32800,32604.74,32800,19000,32800,31900,71900,60300,11.95,3319.5
180,06/12/2018,32800,32437.93,32500,14500,33000,32100,95200,129900,11.95,3319.5
181,05/12/2018,33000,32771.74,31100,101900,33500,31100,187300,237700,11.95,3319.5
182,04/12/2018,32500,32389.8,33000,114700,33000,31900,174800,217500,11.95,3319.5
183,03/12/2018,32300,32363.47,32900,65700,32900,32200,135500,183300,11.95,3319.5
184,30/11/2018,32900,33209.26,32200,36700,33500,32200,128700,159700,11.95,3319.5
185,29/11/2018,32500,32461.82,32500,63900,32600,32100,155600,191200,11.95,3319.5
186,28/11/2018,31700,31605.51,31800,98000,32500,30200,217100,134300,11.95,3319.5
187,27/11/2018,31000,31207.92,31000,60600,32500,31000,121300,129700,11.95,3319.5
188,26/11/2018,31300,31084.76,31400,129300,31500,31000,210000,153000,11.95,3319.5
189,23/11/2018,31500,31351.43,31200,3500,31500,31000,41400,30600,11.95,3319.5
190,22/11/2018,31500,31260.41,31000,177300,31800,30900,232900,202500,11.95,3319.5
191,21/11/2018,31000,31002.4,31100,50000,31300,30900,118700,85700,11.95,3319.5
192,20/11/2018,31400,31037.21,31100,52400,31400,31000,124400,75100,11.95,3319.5
193,19/11/2018,31500,31484.34,31700,24900,31800,31200,60200,48300,11.95,3319.5
194,16/11/2018,31500,31394.16,31600,15400,32000,31300,75100,80600,11.95,3319.5
195,15/11/2018,31500,31352.5,31200,8000,31800,31200,20700,99200,11.95,3319.5
196,14/11/2018,31800,31325.64,31300,3900,31800,31300,24500,43800,11.95,3319.5
197,13/11/2018,31800,31462.0,31400,5000,32300,31300,31200,40500,11.95,3319.5
198,12/11/2018,31800,31727.1,31000,63100,31800,31000,158400,118000,11.95,3319.5
199,09/11/2018,31800,31470.0,31900,13000,31900,31400,84000,31400,11.95,3319.5
200,08/11/2018,31900,31895.45,31900,13200,32200,31700,110500,294100,11.95,3319.5
201,07/11/2018,31900,31974.42,31700,8600,32200,31700,71200,237600,11.95,3319.5
202,06/11/2018,31900,31937.24,31900,66600,32300,31800,150800,136000,11.95,3319.5
203,05/11/2018,31900,31483.83,31500,50100,31900,31000,107400,102600,11.95,3319.5
204,02/11/2018,31800,31755.56,31000,900,32000,31000,7100,51000,11.95,3319.5
205,01/11/2018,31000,31338.43,31600,26800,32500,30500,45000,43400,11.95,3319.5
206,31/10/2018,31600,31379.31,31900,2900,31900,31300,17900,13600,11.95,3319.5
207,30/10/2018,31000,31238.42,31500,17700,31700,30700,24700,65500,11.95,3319.5
208,29/10/2018,31700,31515.91,31900,4400,31900,31200,25200,33300,11.95,3319.5
209,26/10/2018,32000,31169.06,31200,44600,32400,31000,82000,136100,11.95,3319.5
210,25/10/2018,31900,31909.79,30500,72500,32900,30500,107000,119300,11.95,3319.5
211,24/10/2018,32900,32677.01,32600,42200,33100,32500,73100,141000,11.95,3319.5
212,23/10/2018,32600,32909.14,32600,61300,33300,32500,94700,82300,11.95,3319.5
213,22/10/2018,33400,33296.65,33000,17900,33400,33000,38000,51400,11.95,3319.5
214,19/10/2018,33400,33305.18,33300,46300,33500,33000,100000,94700,11.95,3319.5
215,18/10/2018,33500,33402.04,33600,19600,33700,33000,48000,148000,11.95,3319.5
216,17/10/2018,33700,33534.5,33400,25800,33900,32600,62000,145100,11.95,3319.5
217,16/10/2018,33400,33375.21,33300,24200,33500,33100,59600,91900,11.95,3319.5
218,15/10/2018,33500,33492.86,33400,2800,33500,33400,24600,51600,11.95,3319.5
219,12/10/2018,33100,33081.87,33200,19300,33300,32100,75700,103200,11.95,3319.5
220,11/10/2018,32900,32765.62,30800,338900,33700,30800,383200,445300,11.95,3319.5
221,10/10/2018,33800,33596.35,33400,60200,34000,33400,112300,160000,11.95,3319.5
222,09/10/2018,33400,33291.56,33500,54500,33500,33000,113500,97400,11.95,3319.5
223,08/10/2018,33500,33097.94,33900,48600,33900,32900,105100,101900,11.95,3319.5
224,05/10/2018,33000,33607.76,34000,23200,34000,33000,68000,84700,11.95,3319.5
225,04/10/2018,34000,34000.52,34200,96700,34300,33900,137800,171800,11.95,3319.5
226,03/10/2018,34000,34027.71,33800,66400,34400,33500,151300,189800,11.95,3319.5
227,02/10/2018,33800,33629.53,33700,64000,33800,33500,117000,173200,11.95,3319.5
228,01/10/2018,33500,33505.62,33700,90700,33900,33400,175000,140100,11.95,3319.5
229,28/09/2018,33700,33428.36,33300,106500,33700,33300,168600,142700,11.95,3319.5
230,27/09/2018,33300,33237.24,33000,90500,33500,32900,199300,174600,11.95,3319.5
231,26/09/2018,33000,33047.71,33500,52400,33500,32900,152300,111300,11.95,3319.5
232,25/09/2018,33300,33044.62,33400,97500,33400,32900,117500,119900,11.95,3319.5
233,24/09/2018,33500,33149.31,33300,72000,33800,33000,165000,127200,11.95,3319.5
234,21/09/2018,33000,33051.47,33000,129000,33700,32900,207500,194100,11.95,3319.5
235,20/09/2018,33000,32451.01,31900,232100,33100,31700,337900,278800,11.95,3319.5
236,19/09/2018,31900,32041.95,32400,202600,32900,31600,250200,267500,11.95,3319.5
237,18/09/2018,32000,31425.79,31800,34900,32000,31000,61600,165800,11.95,3319.5
238,17/09/2018,31800,31462.28,31000,111600,32100,31000,170700,136600,11.95,3319.5
239,14/09/2018,31200,31085.71,31300,75600,31900,30600,125300,160000,11.95,3319.5
240,13/09/2018,31300,31077.88,30700,170400,31500,30700,311700,234700,11.95,3319.5
241,12/09/2018,30700,30148.15,29400,345200,31900,29300,469900,396100,11.95,3319.5
242,11/09/2018,29400,29407.88,29200,62200,29500,29100,153600,112200,11.95,3319.5
243,10/09/2018,29200,29205.26,29400,22800,29400,29100,93000,184400,11.95,3319.5
244,07/09/2018,29200,29113.68,29100,63600,29300,29000,119500,96000,11.95,3319.5
245,06/09/2018,29100,29228.09,29100,53400,29400,29100,109000,86200,11.95,3319.5
246,05/09/2018,29400,29160.67,29100,51100,29400,29000,113700,77700,11.95,3319.5
247,04/09/2018,29200,29282.97,29500,68100,29600,29100,128600,167000,11.95,3319.5
248,31/08/2018,29700,29541.21,29400,97800,29700,29200,181400,133400,11.95,3319.5
249,30/08/2018,29400,29109.07,29100,79400,29400,29000,148300,223200,11.95,3319.5
250,29/08/2018,29300,29167.76,29200,64200,29300,29100,129800,95800,11.95,3319.5
251,28/08/2018,29500,29452.96,29400,28700,29700,29200,96300,106000,11.95,3319.5
252,27/08/2018,29500,29285.39,29200,34900,29600,29100,102900,89300,11.95,3319.5
253,24/08/2018,29200,29372.81,29000,96000,29800,29000,129000,163300,11.95,3319.5
254,23/08/2018,29000,29010.9,29200,176200,29200,29000,219600,303200,11.95,3319.5
255,22/08/2018,29300,29281.33,29300,46600,29400,29100,121000,187500,11.95,3319.5
256,21/08/2018,29400,29164.17,29200,24000,29400,29000,70300,90900,11.95,3319.5
257,20/08/2018,29200,29077.97,29200,168400,29200,29000,236700,213700,11.95,3319.5
258,17/08/2018,29000,29000.2,29000,101100,29200,28900,156700,140300,11.95,3319.5
259,16/08/2018,29000,29022.97,29000,51800,29300,28900,94000,119700,11.95,3319.5
260,15/08/2018,29500,29121.65,29200,64200,29600,29000,108000,103500,11.95,3319.5
261,14/08/2018,29700,29411.07,29800,30700,30000,29200,91300,74900,11.95,3319.5
262,13/08/2018,29800,29495.65,29100,98900,29800,29100,175400,154500,11.95,3319.5
263,10/08/2018,29200,29043.79,29000,33800,29400,29000,131500,61500,11.95,3319.5
264,09/08/2018,29000,29011.8,29000,53400,29200,29000,107200,97600,11.95,3319.5
265,08/08/2018,29100,29064.19,29100,52500,29300,29000,109700,93100,11.95,3319.5
266,07/08/2018,29300,29001.17,28500,161800,29500,28500,213700,214500,11.95,3319.5
267,06/08/2018,29000,29110.65,29700,123000,29700,29000,178400,183500,11.95,3319.5
268,03/08/2018,29400,29287.34,29700,38700,29900,29200,118400,111800,11.95,3319.5
269,02/08/2018,29700,29438.93,29900,44700,29900,29200,125100,86800,11.95,3319.5
270,01/08/2018,29900,29700.98,30000,20400,30100,29500,74200,51900,11.95,3319.5
271,31/07/2018,29900,29689.8,29700,34300,29900,29600,98900,53800,11.95,3319.5
272,30/07/2018,29900,29768.81,29800,65400,29900,29600,128200,87900,11.95,3319.5
273,27/07/2018,29800,29579.77,29900,61300,30000,29200,244600,145700,11.95,3319.5
274,26/07/2018,29200,29061.33,28300,66200,29200,28300,188900,133400,11.95,3319.5
275,25/07/2018,29000,29001.87,29200,192200,29200,28900,272200,304600,11.95,3319.5
276,24/07/2018,29100,28998.44,29000,218300,29200,28900,405300,266600,11.95,3319.5
277,23/07/2018,29000,29012.11,27300,137100,29300,27300,266800,177400,11.95,3319.5
278,20/07/2018,29300,29132.21,29700,68300,29700,29000,148300,140400,11.95,3319.5
279,19/07/2018,29600,29498.21,29500,50200,29600,29300,217900,178300,11.95,3319.5
280,18/07/2018,29500,29212.12,29100,154300,29500,29000,297900,165000,11.95,3319.5
281,17/07/2018,29100,28999.05,29400,73900,29400,28900,251400,154000,11.95,3319.5
282,16/07/2018,29000,29007.59,29500,102700,29500,28900,233500,185700,11.95,3319.5
283,13/07/2018,29000,28985.92,29200,21300,29200,28900,202600,130700,11.95,3319.5
284,12/07/2018,29000,28289.36,28000,319400,29200,28000,527100,410500,11.95,3319.5
285,11/07/2018,28800,28686.14,28800,723000,28900,28200,1096200,797000,11.95,3319.5
286,10/07/2018,28800,28702.03,28500,300800,28900,28500,528000,427100,11.95,3319.5
287,09/07/2018,28500,28604.66,28600,197300,29000,28500,373600,380000,11.95,3319.5
288,06/07/2018,28500,28495.46,28000,178400,28800,28000,324100,198500,11.95,3319.5
289,05/07/2018,28000,27840.55,28200,879200,28500,27000,1075700,922700,11.95,3319.5
290,04/07/2018,28000,27542.68,27500,213900,28300,26500,377900,268900,11.95,3319.5
291,03/07/2018,28100,28354.28,26100,150700,29900,26100,198100,302300,11.95,3319.5
292,02/07/2018,29000,28987.91,28900,489600,29000,28800,563600,578300,11.95,3319.5
293,29/06/2018,29000,28994.02,28800,394400,29100,28800,486300,490200,11.95,3319.5
294,28/06/2018,29000,29172.47,29600,403600,29600,28900,432100,501300,11.95,3319.5
295,27/06/2018,29700,29437.74,29700,26500,30000,29300,105600,98200,11.95,3319.5
296,26/06/2018,29700,29824.18,29500,54600,30000,29500,176000,104600,11.95,3319.5
297,25/06/2018,30000,29834.75,30100,61000,30100,29600,109500,123200,11.95,3319.5
298,22/06/2018,30000,29879.8,30200,70800,30200,29500,111600,93600,11.95,3319.5
299,21/06/2018,29600,29789.7,30300,60200,30300,29500,93100,93600,11.95,3319.5
300,20/06/2018,30300,29756.59,29600,94900,30800,29000,154000,149000,11.95,3319.5
301,19/06/2018,30000,29089.46,30500,401200,30500,28600,481800,429800,11.95,3319.5
302,18/06/2018,30100,30648.49,30700,86200,31100,30100,117800,246700,11.95,3319.5
303,15/06/2018,31100,30878.41,31000,75500,31200,30600,122700,160800,11.95,3319.5
304,14/06/2018,31100,31086.4,33000,122800,33000,30700,197900,244800,11.95,3319.5
305,13/06/2018,33900,33775.48,32800,238200,34100,32800,308500,348000,11.95,3319.5
306,12/06/2018,32800,32928.53,33700,140900,33800,32100,241200,371100,11.95,3319.5
307,11/06/2018,33700,33758.55,34200,143800,34200,33600,186800,280700,11.95,3319.5
308,08/06/2018,34200,33978.59,34300,114900,34300,33600,231200,213400,11.95,3319.5
309,07/06/2018,34200,34147.52,34000,515100,34700,33700,559800,673700,11.95,3319.5
310,06/06/2018,33800,33655.25,33100,204000,34200,33000,266700,313900,11.95,3319.5
311,05/06/2018,33200,32870.81,33100,172300,33600,32500,366500,260800,11.95,3319.5
312,04/06/2018,32600,32316.77,32000,549200,33200,31800,836200,674000,11.95,3319.5
313,01/06/2018,31800,32102.05,32100,63400,32500,31600,147800,160400,11.95,3319.5
314,31/05/2018,32100,32031.33,31000,111400,32400,31000,317500,166200,11.95,3319.5
315,30/05/2018,31600,31637.75,28800,221700,32800,28800,559200,276200,11.95,3319.5
316,29/05/2018,32000,31932.32,31800,287100,32000,31700,476500,338600,11.95,3319.5
317,28/05/2018,31900,31611.22,31000,1390500,32000,30300,1519100,1479400,11.95,3319.5
318,25/05/2018,31000,31373.61,31500,296700,31900,31000,354600,369000,11.95,3319.5
319,24/05/2018,31500,31458.4,32000,123800,32200,31000,225100,207800,11.95,3319.5
320,23/05/2018,32000,31463.32,31000,446600,32100,31000,628900,466000,11.95,3319.5
321,22/05/2018,31000,31521.56,31600,557400,32500,30500,682400,646000,11.95,3319.5
322,21/05/2018,32300,32237.55,33000,416800,33000,32100,597500,514900,11.95,3319.5
323,18/05/2018,32800,32876.16,33100,278500,33400,32300,617600,379100,11.95,3319.5
324,17/05/2018,33500,33669.71,34400,356600,34400,33400,556500,459000,11.95,3319.5
325,16/05/2018,33900,34065.76,34600,615100,35000,33900,972500,752000,11.95,3319.5
326,15/05/2018,35000,34463.3,34300,196200,35400,34000,380100,634400,11.95,3319.5
327,14/05/2018,34300,34235.9,34200,205000,34500,34000,523100,399600,11.95,3319.5
328,11/05/2018,34200,33907.63,33600,152000,34300,33400,434000,417200,11.95,3319.5
329,10/05/2018,34300,34587.2,33900,479700,35600,33700,908400,832300,11.95,3319.5
330,09/05/2018,33800,33656.32,33500,737000,34100,33500,1200600,794400,11.95,3319.5
331,08/05/2018,33500,33534.08,33100,994100,34200,33100,1288100,1115600,11.95,3319.5
332,07/05/2018,33100,33109.34,33100,646700,34300,32900,1212700,709700,11.95,3319.5
333,04/05/2018,33000,32628.13,32500,656200,33200,32500,1003000,718000,11.95,3319.5
334,03/05/2018,32600,31363.88,32300,942700,32700,30500,1232400,1141800,11.95,3319.5
335,02/05/2018,32500,32727.88,32800,171100,33700,32000,286500,378500,11.95,3319.5
336,27/04/2018,33000,33422.05,33100,438500,33800,33000,559200,619500,11.95,3319.5
337,26/04/2018,33800,34569.18,35600,578800,35800,33600,681800,893200,11.95,3319.5
338,24/04/2018,35900,35596.24,32400,252900,36400,32400,467600,522800,11.95,3319.5
339,23/04/2018,36000,36967.9,38200,377600,38400,35000,513600,735500,11.95,3319.5
340,20/04/2018,38200,37983.7,38700,479100,38800,37300,618900,811700,11.95,3319.5
341,19/04/2018,38800,38704.33,38500,360100,39500,38300,518600,797200,11.95,3319.5
342,18/04/2018,38500,38548.35,38300,172700,38700,38300,444100,474300,11.95,3319.5
343,17/04/2018,38400,38405.21,38400,97900,38700,38200,307300,344800,11.95,3319.5
344,16/04/2018,38400,38438.64,38500,240400,38600,38200,314100,484700,11.95,3319.5
345,13/04/2018,38600,38591.95,38900,223700,39000,38400,403700,377000,11.95,3319.5
346,12/04/2018,38900,38343.42,38400,195300,39000,38000,471300,255800,11.95,3319.5
347,11/04/2018,38500,38604.94,39200,534100,39200,38200,868600,760400,11.95,3319.5
348,10/04/2018,39000,39036.15,39300,591200,39600,38700,806400,726400,11.95,3319.5
349,09/04/2018,39300,39171.98,39000,309100,39500,38800,617700,465700,11.95,3319.5
350,06/04/2018,39000,39226.3,39800,610000,39900,39000,892411,884446,11.95,3319.5
351,05/04/2018,39900,38814.03,38500,1361600,40200,37900,1846589,1516287,11.95,3319.5
352,04/04/2018,38700,39300.72,40100,732000,40100,38700,1622422,996357,11.95,3319.5
353,03/04/2018,39700,39703.46,40700,821000,40700,39200,1315474,1049703,11.95,3319.5
354,02/04/2018,40300,40505.94,40500,830300,41000,40100,1223007,1100351,11.95,3319.5
355,30/03/2018,40400,40309.64,40800,663600,40800,40000,947525,881528,11.95,3319.5
356,29/03/2018,40800,40665.25,41000,944715,41100,40500,1401300,1204400,11.95,3319.5
357,28/03/2018,40900,40978.96,41000,432915,41400,40200,1374500,703900,11.95,3319.5
358,27/03/2018,41000,41471.75,42500,2887000,43300,39500,3582200,3320400,11.95,3319.5
359,26/03/2018,42000,42070.04,41500,1284544,43200,41200,1801600,1605900,11.95,3319.5
360,23/03/2018,41500,40243.54,40300,1510155,41500,39100,1804300,1606700,11.95,3319.5
361,22/03/2018,40900,41013.03,40900,749980,41600,40700,1115500,1355900,11.95,3319.5
362,21/03/2018,40900,41041.15,40600,884034,41300,40600,1409900,1436000,11.95,3319.5
363,20/03/2018,40600,40854.87,40900,768269,41400,40300,1296500,1324500,11.95,3319.5
364,19/03/2018,40900,41169.54,41500,2873735,41600,40400,3412200,3162400,11.95,3319.5
365,16/03/2018,41500,41238.47,42000,2860595,42000,41000,3478800,3370800,11.95,3319.5
366,15/03/2018,42200,41826.46,42900,2207705,42900,40800,2851100,2854800,11.95,3319.5
367,14/03/2018,42300,41105.6,39900,1673285,42400,39700,3058500,2097300,11.95,3319.5
368,13/03/2018,38600,39011.84,38500,6090101,40500,38400,7424000,6893500,11.95,3319.5
369,12/03/2018,38400,38395.46,39500,2858992,39500,38000,3586500,3741500,11.95,3319.5
370,09/03/2018,39100,39594.24,41000,1297949,41000,39100,2051400,2547100,11.95,3319.5
371,08/03/2018,39500,39529.45,39900,458932,40100,38600,1249800,1668400,11.95,3319.5
372,07/03/2018,39500,40251.24,41500,2206369,42000,39500,2309500,3082800,11.95,3319.5
373,06/03/2018,41500,41913.5,43500,904880,43600,41500,975900,1564600,11.95,3319.5
374,05/03/2018,43600,42333.01,42300,1205182,44000,42100,1473600,1283800,11.95,3319.5
375,02/03/2018,42000,42613.37,41800,960468,45000,41600,1328100,1172100,11.95,3319.5
376,01/03/2018,41800,41222.12,38900,764546,42300,38900,997400,1187500,11.95,3319.5
377,28/02/2018,38900,38796.54,38900,207071,39000,38500,267500,594600,11.95,3319.5
378,27/02/2018,38900,38972.06,38900,226604,39300,38600,305900,615600,11.95,3319.5
379,26/02/2018,38900,38976.79,39200,140110,39200,38800,207300,568600,11.95,3319.5
380,23/02/2018,39000,38941.93,39000,260187,39200,38400,403500,703600,11.95,3319.5
381,22/02/2018,39000,39007.64,39100,184793,39100,38900,429700,689300,11.95,3319.5
382,21/02/2018,39100,39544.58,38400,224141,41000,38400,255600,778800,11.95,3319.5
383,13/02/2018,38400,38189.7,37900,323728,38500,37800,370000,536200,11.95,3319.5
384,12/02/2018,37900,37491.82,36900,367212,38000,36900,615100,555500,11.95,3319.5
385,09/02/2018,36500,36283.18,34000,249705,36600,33100,560700,387500,11.95,3319.5
386,08/02/2018,36500,36823.93,36900,54725,37500,36200,150700,229400,11.95,3319.5
387,07/02/2018,37000,36410.09,36000,170761,37100,35800,235500,373200,11.95,3319.5
388,06/02/2018,35800,33448.75,35000,575810,36000,32400,1031900,646000,11.95,3319.5
389,05/02/2018,36000,36561.19,37200,386503,37600,35200,427700,449700,11.95,3319.5
390,02/02/2018,37600,37570.27,37700,349064,38000,37200,427200,459300,11.95,3319.5
391,01/02/2018,37700,37930.56,38300,182388,38300,37500,350100,344700,11.95,3319.5
392,31/01/2018,38000,38144.1,36800,608389,38700,36800,728400,895100,11.95,3319.5
393,30/01/2018,37000,37026.94,37000,277920,37800,36600,366100,421500,11.95,3319.5
394,29/01/2018,37000,37072.38,36800,391052,37800,36700,507300,681400,11.95,3319.5
395,26/01/2018,36800,36810.34,36900,649249,38000,36000,797400,771400,11.95,3319.5
396,25/01/2018,36700,37312.1,36600,823014,38500,36600,868900,1009200,11.95,3319.5
397,24/01/2018,36800,35862.03,34500,1038974,37500,34000,1713500,1161300,11.95,3319.5
398,23/01/2018,34500,34152.88,33500,319859,34500,33500,427800,457400,11.95,3319.5
399,22/01/2018,33300,33369.79,33200,195935,33600,33000,295100,357200,11.95,3319.5
400,19/01/2018,33200,33415.52,33200,77400,33800,33200,344100,221700,11.95,3319.5
401,18/01/2018,33200,32928.83,32600,187848,33200,32500,432100,243700,11.95,3319.5
402,17/01/2018,32700,33328.63,33700,126613,34000,32700,225200,383200,11.95,3319.5
403,16/01/2018,34000,33549.24,32100,439379,34500,32000,542500,531200,11.95,3319.5
404,15/01/2018,32700,32520.04,32900,74404,32900,32300,162000,214200,11.95,3319.5
405,12/01/2018,33000,32914.23,33000,187748,33100,32600,317500,230700,11.95,3319.5
406,11/01/2018,32900,32897.91,33200,99771,33200,32600,157500,217600,11.95,3319.5
407,10/01/2018,33000,32801.96,32000,438877,33300,32000,673200,522300,11.95,3319.5
408,09/01/2018,32000,32071.53,32000,243102,32300,31900,333500,350200,11.95,3319.5
409,08/01/2018,32100,32082.45,32100,386560,32400,32000,504900,454100,11.95,3319.5
410,05/01/2018,32400,32056.81,30000,236311,32500,30000,326200,310500,11.95,3319.5
411,04/01/2018,32300,32448.03,32500,219664,32800,32200,289100,357500,11.95,3319.5
412,03/01/2018,32500,32820.83,33300,156986,33400,32500,249800,377200,11.95,3319.5
413,02/01/2018,33100,32368.92,31900,148913,34000,31700,249400,287100,11.95,3319.5
414,29/12/2017,32000,32118.42,32200,84110,32300,32000,171500,170800,11.95,3319.5
415,28/12/2017,32200,32139.0,32500,156706,32500,31800,230600,222300,11.95,3319.5
416,27/12/2017,32300,32282.63,32100,228675,32700,32000,369800,313500,11.95,3319.5
417,26/12/2017,32300,32101.56,32100,634300,32500,31800,728300,738500,11.95,3319.5
418,25/12/2017,32300,32048.3,31900,356160,32400,31800,462400,495800,11.95,3319.5
419,22/12/2017,31900,32019.68,32100,296020,32400,31900,370100,448900,11.95,3319.5
420,21/12/2017,32300,32365.13,32500,91974,32700,32100,202300,245300,11.95,3319.5
421,20/12/2017,32300,32526.48,32800,221296,32800,32300,516900,347100,11.95,3319.5
422,19/12/2017,32800,32647.26,32900,179905,33100,32400,463100,353300,11.95,3319.5
423,18/12/2017,32900,32961.27,32400,114365,33100,32400,397500,221100,11.95,3319.5
424,15/12/2017,32400,32645.74,33000,197200,33100,32300,545800,330500,11.95,3319.5
425,14/12/2017,33000,32870.41,32900,163746,33300,32700,594800,312600,11.95,3319.5
426,13/12/2017,33300,33048.99,32500,118400,33500,32400,563600,348500,11.95,3319.5
427,12/12/2017,33000,32132.17,32600,659400,33000,31800,1267200,767200,11.95,3319.5
428,11/12/2017,32300,32097.26,32000,563139,33000,31400,741500,626300,11.95,3319.5
429,08/12/2017,32300,32833.61,33900,250764,33900,32300,387600,412300,11.95,3319.5
430,07/12/2017,33500,33740.27,33200,213883,34500,33200,392000,377200,11.95,3319.5
431,06/12/2017,33200,33306.6,33300,207803,33900,32900,474400,329700,11.95,3319.5
432,05/12/2017,33300,33863.08,35300,1476550,35300,33300,1753600,1625200,11.95,3319.5
433,04/12/2017,35500,35545.76,35700,490867,36000,35300,609500,605500,11.95,3319.5
434,01/12/2017,35500,35347.61,35600,155181,35900,35000,217700,239800,11.95,3319.5
435,30/11/2017,35600,35938.0,35300,418937,36300,35300,618500,564700,11.95,3319.5
436,29/11/2017,35300,35013.0,35300,210516,35500,34700,281500,396400,11.95,3319.5
437,28/11/2017,35300,35341.0,34900,454031,36000,34800,508500,613500,11.95,3319.5
438,27/11/2017,35100,34871.0,35000,215804,35100,34500,289200,279500,11.95,3319.5
439,24/11/2017,34900,34912.0,34600,233359,35000,34500,275500,383100,11.95,3319.5
440,23/11/2017,34400,34466.0,33800,638480,35500,33800,686300,898400,11.95,3319.5
441,22/11/2017,33900,33766.0,34000,340070,34000,33600,390900,596700,11.95,3319.5
442,21/11/2017,33900,34184.0,33700,467881,34600,33400,548600,600900,11.95,3319.5
443,20/11/2017,33800,33716.0,33800,169176,34000,33500,281800,255900,11.95,3319.5
444,17/11/2017,33800,34141.0,34500,330523,34800,33600,389800,496200,11.95,3319.5
445,16/11/2017,34200,34215.0,33600,401906,34900,33500,499800,589900,11.95,3319.5
446,15/11/2017,33600,33683.0,33600,134650,33800,33400,167100,211300,11.95,3319.5
447,14/11/2017,33600,34013.0,34500,297511,34500,33600,338500,450800,11.95,3319.5
448,13/11/2017,33800,33464.0,32100,547589,33800,32100,692500,687700,11.95,3319.5
449,10/11/2017,32000,32238.0,32100,94972,32400,32000,178000,238800,11.95,3319.5
450,09/11/2017,32000,32031.0,32000,75750,32200,32000,216200,129600,11.95,3319.5
451,08/11/2017,32200,32136.0,32000,43677,32300,32000,203600,94800,11.95,3319.5
452,07/11/2017,32100,32097.0,32000,82027,32100,32000,248900,119400,11.95,3319.5
453,06/11/2017,32100,32034.0,32000,83448,32100,31500,172800,120700,11.95,3319.5
454,03/11/2017,32000,32004.0,32000,188000,32100,32000,241000,238000,11.95,3319.5
455,02/11/2017,32000,31992.0,32000,296330,32000,31800,314200,357900,11.95,3319.5
456,01/11/2017,32000,32000.0,32000,309279,32000,32000,347300,401300,11.95,3319.5
457,31/10/2017,32100,31999.0,31900,129334,32100,31900,176900,198200,11.95,3319.5
458,30/10/2017,32000,31989.0,32000,244860,32200,31700,306200,296000,11.95,3319.5
459,27/10/2017,32000,32003.0,32000,176443,32100,32000,294500,205600,11.95,3319.5
460,26/10/2017,32000,32000.0,32100,217808,32100,32000,290000,322800,11.95,3319.5
461,25/10/2017,32100,32048.0,32000,81784,32200,32000,189400,123100,11.95,3319.5
462,24/10/2017,32000,32006.0,32200,383735,32200,32000,468500,451700,11.95,3319.5
463,23/10/2017,32000,32002.0,32000,304390,32100,32000,356600,352000,11.95,3319.5
464,20/10/2017,32000,32007.0,32100,206020,32200,32000,262000,270800,11.95,3319.5
465,19/10/2017,32100,32262.0,32000,230505,32600,32000,369300,368700,11.95,3319.5
466,18/10/2017,32000,31968.0,32100,448010,32300,31800,583100,543100,11.95,3319.5
467,17/10/2017,32100,32091.0,32000,99354,32200,32000,216400,207600,11.95,3319.5
468,16/10/2017,32200,32090.0,32000,146890,32400,32000,278400,206200,11.95,3319.5
469,13/10/2017,32200,32276.0,32300,96220,32500,32200,160700,187500,11.95,3319.5
470,12/10/2017,32300,32401.0,32200,58878,32800,32200,222900,174000,11.95,3319.5
471,11/10/2017,32200,32240.0,32400,57501,32400,32100,162200,112300,11.95,3319.5
472,10/10/2017,32400,32533.0,32800,49889,32800,32400,65700,201500,11.95,3319.5
473,09/10/2017,32800,32725.0,32500,89336,32800,32500,121500,248100,11.95,3319.5
474,06/10/2017,32900,32633.0,32400,275980,32900,32100,387000,606300,11.95,3319.5
475,05/10/2017,32000,32007.0,32000,57269,32100,32000,106800,131600,11.95,3319.5
476,04/10/2017,32100,32016.0,32100,73420,32100,31900,140600,136200,11.95,3319.5
477,03/10/2017,32200,32121.0,32100,113800,32200,32000,211100,228800,11.95,3319.5
478,02/10/2017,32200,32162.0,32100,131002,32200,32100,240900,244400,11.95,3319.5
479,29/09/2017,32200,32125.0,32000,256590,32500,31900,342700,409500,11.95,3319.5
480,28/09/2017,32000,32088.0,32200,207701,32200,32000,338900,294600,11.95,3319.5
481,27/09/2017,32100,32064.0,32100,173007,32200,31900,310300,227500,11.95,3319.5
482,26/09/2017,32200,32077.0,32100,82350,32200,32000,253600,122400,11.95,3319.5
483,25/09/2017,32100,32056.0,32100,131824,32200,32000,270600,259300,11.95,3319.5
484,22/09/2017,32200,32240.0,32100,71600,32400,32100,191900,161200,11.95,3319.5
485,21/09/2017,32300,32284.0,32400,186518,32400,32200,474700,320500,11.95,3319.5
486,20/09/2017,32400,32422.0,33000,50320,33000,32300,133700,222700,11.95,3319.5
487,19/09/2017,32600,32788.0,32000,212754,33200,32000,378800,301100,11.95,3319.5
488,18/09/2017,32300,32304.0,32500,200127,32900,31500,305600,290100,11.95,3319.5
489,15/09/2017,32400,32662.0,32600,89370,32900,32400,130100,259500,11.95,3319.5
490,14/09/2017,33000,33094.0,34000,338288,34600,32700,598100,534500,11.95,3319.5
491,13/09/2017,34700,34665.0,34800,227203,34800,34600,513100,367900,11.95,3319.5
492,12/09/2017,34600,34581.0,34700,367540,34800,34500,867300,515000,11.95,3319.5
493,11/09/2017,34500,34298.0,34400,591961,34700,34000,1151400,702800,11.95,3319.5
494,08/09/2017,34600,34580.0,35800,391089,35800,34500,893900,586800,11.95,3319.5
495,07/09/2017,35300,35280.0,34900,263850,35600,34900,402100,411100,11.95,3319.5
496,06/09/2017,34900,34624.0,34500,170005,35000,34400,223700,275700,11.95,3319.5
497,05/09/2017,34600,34559.0,34700,161136,34700,34400,211000,259200,11.95,3319.5
498,01/09/2017,34700,34612.0,34600,129078,35000,34400,311900,260800,11.95,3319.5
499,31/08/2017,34300,34395.0,34700,262594,34700,34000,320800,363500,11.95,3319.5
500,30/08/2017,34500,34414.0,34000,265244,34700,34000,482000,356400,11.95,3319.5
501,29/08/2017,34300,34290.0,34700,147169,34700,34100,251300,263500,11.95,3319.5
502,28/08/2017,34500,34411.0,33600,209704,34600,33000,494400,353800,11.95,3319.5
503,25/08/2017,34000,34056.0,34000,163500,34300,33900,352600,256000,11.95,3319.5
504,24/08/2017,33900,33975.0,34000,136479,34200,33800,243700,193700,11.95,3319.5
505,23/08/2017,34300,34179.0,34600,144710,34600,34000,361700,281300,11.95,3319.5
506,22/08/2017,34500,34408.0,34400,252396,34600,34300,313700,383700,11.95,3319.5
507,21/08/2017,34400,34607.0,34100,268010,34800,34100,375100,427800,11.95,3319.5
508,18/08/2017,34000,34058.0,34000,129750,34300,33800,407500,275700,11.95,3319.5
509,17/08/2017,34000,33966.0,33800,481265,34400,33500,684200,655200,11.95,3319.5
510,16/08/2017,33500,33536.0,33600,167984,33700,33300,552300,285000,11.95,3319.5
511,15/08/2017,33700,33353.0,33300,184989,33700,33000,306900,247900,11.95,3319.5
512,14/08/2017,33300,33326.0,33000,170593,33500,33000,259600,249100,11.95,3319.5
513,11/08/2017,33200,33233.0,32500,120720,33500,32500,291100,232600,11.95,3319.5
514,10/08/2017,33000,33055.0,32100,131034,33500,32100,208000,198600,11.95,3319.5
515,09/08/2017,33500,33307.0,33800,271645,33800,33000,323200,339600,11.95,3319.5
516,08/08/2017,34000,34051.0,34600,146121,34600,33800,195300,306000,11.95,3319.5
517,07/08/2017,34600,34532.0,34100,327632,35000,34100,400100,458500,11.95,3319.5
518,04/08/2017,34200,34012.0,33600,314962,34600,33400,413700,434100,11.95,3319.5
519,03/08/2017,33700,33564.0,33600,158012,33900,33400,277200,241300,11.95,3319.5
520,02/08/2017,33600,33678.0,33600,147655,34100,33300,266500,250700,11.95,3319.5
521,01/08/2017,34300,33890.0,34800,291396,34800,33500,399600,366200,11.95,3319.5
522,31/07/2017,34600,34308.0,34300,225525,34600,34200,265300,290400,11.95,3319.5
523,28/07/2017,34600,34422.0,33700,326878,34900,33600,461500,438000,11.95,3319.5
524,27/07/2017,33900,33931.0,34000,233664,34200,33700,294000,323900,11.95,3319.5
525,26/07/2017,33900,33824.0,33600,214467,34100,33500,370300,299000,11.95,3319.5
526,25/07/2017,33600,33217.0,33300,213819,33800,32800,317100,280400,11.95,3319.5
527,24/07/2017,33000,33669.0,34000,414309,34100,33000,670800,515500,11.95,3319.5
528,21/07/2017,34700,35115.0,34900,156621,35500,34500,251600,229800,11.95,3319.5
529,20/07/2017,35100,35027.0,35500,348460,35500,34700,513200,454100,11.95,3319.5
530,19/07/2017,35500,35420.0,35000,369806,35600,35000,491100,563000,11.95,3319.5
531,18/07/2017,35000,34917.0,35000,357600,35500,34400,461700,455700,11.95,3319.5
532,17/07/2017,35000,35233.0,36500,581998,36500,34800,823100,738800,11.95,3319.5
533,14/07/2017,36600,36400.0,36200,491603,37100,36200,1009700,708900,11.95,3319.5
534,13/07/2017,36400,35989.0,35700,699680,36600,35400,1307900,1078700,11.95,3319.5
535,12/07/2017,35700,35693.0,36400,419810,36400,35400,987200,682600,11.95,3319.5
536,11/07/2017,35800,35183.0,34400,552597,35800,34400,1268800,687600,11.95,3319.5
537,10/07/2017,34400,34283.0,34500,504112,34800,33800,1115700,655700,11.95,3319.5
538,07/07/2017,34000,34724.0,33500,1151122,35500,33500,2095200,1452900,11.95,3319.5
539,06/07/2017,33500,33472.0,33600,312370,33600,33300,1594800,378000,11.95,3319.5
540,05/07/2017,33600,33609.0,33200,138119,33800,33200,1279300,256800,11.95,3319.5
541,04/07/2017,33500,33423.0,33300,354968,33800,33000,1545000,475000,11.95,3319.5
542,03/07/2017,33300,33368.0,34000,333017,34000,33000,1709400,482200,11.95,3319.5
543,30/06/2017,33700,33658.0,33200,552995,34100,33200,1955600,732100,11.95,3319.5
544,29/06/2017,33300,33205.0,32600,335558,33600,32600,2190700,462600,11.95,3319.5
545,28/06/2017,32600,32573.0,32400,483930,33300,32200,1979400,621100,11.95,3319.5
546,27/06/2017,32600,32623.0,33200,566234,33200,32100,3287600,680100,11.95,3319.5
547,26/06/2017,33100,33316.0,33400,483039,33900,33000,3675800,758200,11.95,3319.5
548,23/06/2017,33500,32295.0,34300,2552479,34300,31600,4475400,2753300,11.95,3319.5
549,22/06/2017,34200,34626.0,34400,1354705,36000,34000,2095700,2179500,11.95,3319.5
550,21/06/2017,34200,32548.0,32000,2305161,34500,31500,4744700,2361100,11.95,3319.5
551,20/06/2017,32000,32426.0,32600,711477,33000,32000,1330500,863800,11.95,3319.5
552,19/06/2017,32700,32819.0,33500,753724,33600,32400,1009200,941200,11.95,3319.5
553,16/06/2017,33400,33390.0,33500,354362,33700,33000,488700,471700,11.95,3319.5
554,15/06/2017,33500,34326.0,33700,625699,35500,33500,850700,810600,11.95,3319.5
555,14/06/2017,33700,33487.0,33700,157467,33800,33000,300000,319800,11.95,3319.5
556,13/06/2017,33700,33859.0,33900,690075,34300,33500,821000,908300,11.95,3319.5
557,12/06/2017,33500,32322.0,31300,1151939,33900,31300,1352900,1332900,11.95,3319.5
558,09/06/2017,31300,31524.0,31000,428977,32000,31000,525400,496300,11.95,3319.5
559,08/06/2017,31300,31713.0,31500,301551,32500,31300,400000,411100,11.95,3319.5
560,07/06/2017,31300,31530.0,30000,635840,32100,30000,717900,774900,11.95,3319.5
561,06/06/2017,30800,30747.0,31300,248100,31300,30500,329400,299200,11.95,3319.5
562,05/06/2017,31000,30828.0,31000,164370,31000,30500,228400,226700,11.95,3319.5
563,02/06/2017,31000,31800.0,31800,235790,32200,31000,274300,386800,11.95,3319.5
564,01/06/2017,31800,30951.0,29500,951520,32100,29500,1115100,993500,11.95,3319.5
565,31/05/2017,30000,30056.0,29200,131350,30700,29200,230900,252600,11.95,3319.5
566,30/05/2017,29200,29644.0,29500,69428,29900,29200,114800,157200,11.95,3319.5
567,29/05/2017,30100,30087.0,30000,114210,30400,29800,162100,229500,11.95,3319.5
568,26/05/2017,30400,30156.0,29500,90710,30900,29500,170000,208200,11.95,3319.5
569,25/05/2017,30000,28900.0,28500,143835,30100,28500,213900,168900,11.95,3319.5
570,24/05/2017,28900,28460.0,28500,53100,29000,28200,90400,83900,11.95,3319.5
571,23/05/2017,28900,28900.0,28800,71366,29200,28500,82400,97800,11.95,3319.5
572,22/05/2017,28900,29059.0,29000,56910,29300,28900,81600,130800,11.95,3319.5
573,19/05/2017,29300,28896.0,28700,26225,29300,28700,72300,64300,11.95,3319.5
574,18/05/2017,28700,29400.0,28600,46580,29300,28500,81700,86800,11.95,3319.5
575,17/05/2017,29400,29400.0,29000,73706,29400,28600,101200,107400,11.95,3319.5
576,16/05/2017,29400,29400.0,29400,27277,29800,29000,50500,84500,11.95,3319.5
577,15/05/2017,29400,29430.0,28800,43413,29600,28800,108900,90900,11.95,3319.5
578,12/05/2017,28800,28973.0,29500,57310,29500,28800,107100,90200,11.95,3319.5
579,11/05/2017,29500,29374.0,29500,61977,29800,29000,95600,120300,11.95,3319.5
580,10/05/2017,29600,29548.0,30500,39135,30500,29400,87600,71200,11.95,3319.5
581,09/05/2017,29900,29174.0,29000,66310,30000,28600,104800,106700,11.95,3319.5
582,08/05/2017,29100,28961.0,28500,79766,30300,27700,156000,102400,11.95,3319.5
583,05/05/2017,28000,28008.0,27000,52170,28700,27000,84000,59000,11.95,3319.5
584,04/05/2017,28000,28248.0,28000,89100,29000,28000,114200,107900,11.95,3319.5
585,03/05/2017,29000,30000.0,27000,70340,30000,27000,110500,110400,11.95,3319.5
586,28/04/2017,30000,30600.0,30000,100907,30400,29600,124500,149800,11.95,3319.5
587,27/04/2017,30600,30900.0,32300,358297,32300,30600,403400,471700,11.95,3319.5
588,26/04/2017,30900,29700.0,29600,192410,31500,29600,217100,485400,11.95,3319.5
589,25/04/2017,29700,29343.0,29500,43600,29700,29000,69900,60100,11.95,3319.5
590,24/04/2017,29500,29220.0,29000,16800,29500,29000,42100,59800,11.95,3319.5
591,21/04/2017,29400,29097.0,29100,34300,29800,29000,65900,72900,11.95,3319.5
592,20/04/2017,29400,29200.0,29900,44164,29900,29100,63700,81400,11.95,3319.5
593,19/04/2017,29200,29400.0,29000,50650,29400,28600,75900,92500,11.95,3319.5
594,18/04/2017,29400,28735.0,28600,36180,29500,28000,87600,76900,11.95,3319.5
595,17/04/2017,28900,29037.0,30300,97699,30300,28900,115300,130600,11.95,3319.5
596,14/04/2017,29100,28600.0,28600,60735,29200,28100,105300,78700,11.95,3319.5
597,13/04/2017,28600,28963.0,30100,47064,30100,28600,70500,82200,11.95,3319.5
598,12/04/2017,28500,28723.0,29100,86361,29200,28200,118900,124500,11.95,3319.5
599,11/04/2017,29400,29000.0,29000,134060,29400,28700,150300,149300,11.95,3319.5
600,10/04/2017,29000,28959.0,28600,84824,29500,28600,106400,107100,11.95,3319.5
601,07/04/2017,29600,29571.0,30000,56926,30000,29000,66500,196300,11.95,3319.5
602,05/04/2017,30000,29285.0,28300,122088,30300,28000,171100,151600,11.95,3319.5
603,04/04/2017,28500,28658.0,28900,137540,30000,28200,157900,179200,11.95,3319.5
604,03/04/2017,29700,30059.0,33000,269528,33000,29000,281700,407700,11.95,3319.5
605,31/03/2017,32000,31409.0,32800,277193,33000,31000,306300,319200,11.95,3319.5
606,30/03/2017,32800,31818.0,31900,981966,32800,29900,1054900,981000,11.95,3319.5
607,29/03/2017,29900,29343.0,27200,754409,29900,27200,890300,753900,11.95,3319.5
608,28/03/2017,27200,26140.0,24100,418904,27200,24100,628400,447800,11.95,3319.5
609,27/03/2017,25200,24989.0,24700,53449,25200,24700,109600,114500,11.95,3319.5
610,24/03/2017,24700,24400.0,24500,28633,24700,24500,82600,53400,11.95,3319.5
611,23/03/2017,24400,24221.0,24200,10800,24400,24200,39600,37100,11.95,3319.5
612,22/03/2017,24500,24263.0,24200,15426,24500,24100,52000,50600,11.95,3319.5
613,21/03/2017,24300,24313.0,24100,56247,24500,24100,124400,122700,11.95,3319.5
614,20/03/2017,24100,24048.0,23800,51715,24700,22100,103100,117700,11.95,3319.5
615,17/03/2017,24500,24309.0,24300,18404,24500,24100,40200,40800,11.95,3319.5
616,16/03/2017,24100,24013.0,23700,11997,24200,23700,60700,25300,11.95,3319.5
617,15/03/2017,23900,23819.0,23800,62535,23900,23700,114000,88700,11.95,3319.5
618,14/03/2017,23800,23914.0,23900,40600,24000,23800,89900,81000,11.95,3319.5
619,13/03/2017,23900,23947.0,24000,113900,24400,23800,166400,168700,11.95,3319.5
620,10/03/2017,24300,24252.0,24500,28022,24500,24000,87000,44000,11.95,3319.5
621,09/03/2017,24400,24352.0,24400,10386,24500,24300,67000,31500,11.95,3319.5
622,08/03/2017,24400,24500.0,24400,27900,24500,24200,48100,39900,11.95,3319.5
623,07/03/2017,24500,24488.0,24500,13433,24500,24400,64100,44300,11.95,3319.5
624,06/03/2017,24600,24900.0,24800,30700,24800,24500,70800,65900,11.95,3319.5
625,03/03/2017,24900,24548.0,24600,12670,25000,24500,45200,24500,11.95,3319.5
626,02/03/2017,24600,24620.0,24600,15727,24800,24500,75100,43900,11.95,3319.5
627,01/03/2017,24700,24630.0,24700,12035,24900,24600,21300,48900,11.95,3319.5
628,28/02/2017,25000,24674.0,24900,11500,25000,24600,55000,31900,11.95,3319.5
629,27/02/2017,24900,24832.0,24700,10130,25200,24600,14800,31400,11.95,3319.5
630,24/02/2017,25100,25066.0,25300,17935,25300,24500,22700,47200,11.95,3319.5
631,23/02/2017,25100,25002.0,25400,13851,25400,24900,45100,35000,11.95,3319.5
632,22/02/2017,24900,25056.0,25000,30950,25300,24900,43700,59300,11.95,3319.5
633,21/02/2017,25300,25145.0,25200,30176,25400,25000,85200,57400,11.95,3319.5
634,20/02/2017,25400,25325.0,25500,25551,25800,25200,43100,88500,11.95,3319.5
635,17/02/2017,25300,25025.0,25100,23886,25300,25000,43100,57600,11.95,3319.5
636,16/02/2017,25100,25435.0,25100,90641,25600,25100,108700,147000,11.95,3319.5
637,15/02/2017,25000,25035.0,25100,37951,25100,24900,45000,70700,11.95,3319.5
638,14/02/2017,25200,25209.0,25300,19780,25300,25200,38400,35400,11.95,3319.5
639,13/02/2017,25300,25149.0,25100,25776,25300,25100,53500,45900,11.95,3319.5
640,10/02/2017,25200,25236.0,25100,14848,25300,25100,71000,52800,11.95,3319.5
641,09/02/2017,25300,25304.0,25400,17900,25400,25200,94300,49500,11.95,3319.5
642,08/02/2017,25400,25078.0,25200,77436,25400,25000,158500,98800,11.95,3319.5
643,07/02/2017,25000,24968.0,24900,33328,25000,24900,50200,48200,11.95,3319.5
644,06/02/2017,24900,25024.0,25000,20750,25200,24900,106900,49900,11.95,3319.5
645,03/02/2017,25000,25294.0,25400,39100,25600,25000,140800,73500,11.95,3319.5
646,02/02/2017,25400,25556.0,25800,40662,25800,25400,46100,57900,11.95,3319.5
647,25/01/2017,25500,25622.0,25600,22800,25700,25500,116600,59500,11.95,3319.5
648,24/01/2017,25700,25480.0,25300,11950,25700,25300,66100,55500,11.95,3319.5
649,23/01/2017,25300,25452.0,25500,56110,25500,25300,154700,103200,11.95,3319.5
650,20/01/2017,25400,25584.0,25500,37749,25700,25400,122200,92100,11.95,3319.5
651,19/01/2017,25500,25531.0,25600,11558,25600,25500,72700,65600,11.95,3319.5
652,18/01/2017,25600,25736.0,25600,63026,26000,25500,173400,143200,11.95,3319.5
653,17/01/2017,25500,25627.0,25500,119888,25800,25500,221800,187800,11.95,3319.5
654,16/01/2017,25300,25335.0,25300,33772,25400,25300,133100,69800,11.95,3319.5
655,13/01/2017,25300,25200.0,25300,141897,25700,25200,238100,224100,11.95,3319.5
656,12/01/2017,25200,25015.0,24900,36778,25200,24900,114000,86300,11.95,3319.5
657,11/01/2017,25000,25041.0,25200,107359,25200,24900,132500,155700,11.95,3319.5
658,10/01/2017,25200,25249.0,25200,60456,25400,25100,115200,143000,11.95,3319.5
659,09/01/2017,25200,25039.0,24900,22633,25200,24800,68500,59200,11.95,3319.5
660,06/01/2017,24900,24978.0,25000,22980,25000,24800,42500,63000,11.95,3319.5
661,05/01/2017,24900,24736.0,24900,15137,24900,24700,98400,87600,11.95,3319.5
662,04/01/2017,25000,24950.0,24900,10152,25000,24900,78800,74300,11.95,3319.5
663,03/01/2017,24900,24907.0,24600,27478,27000,24500,95700,131000,11.95,3319.5
664,30/12/2016,25000,24850.0,24500,410493,25000,24400,526300,434900,11.95,3319.5
665,29/12/2016,24900,24806.0,24800,79000,24900,24800,155700,224100,11.95,3319.5
666,28/12/2016,24900,24694.0,24500,138673,24900,24300,213400,301200,11.95,3319.5
667,27/12/2016,25000,24371.0,24200,157850,25000,24100,217400,184100,11.95,3319.5
668,26/12/2016,24300,24213.0,24300,24200,24300,24200,62800,82300,11.95,3319.5
669,23/12/2016,24300,24172.0,24100,53739,24300,24100,91500,89100,11.95,3319.5
670,22/12/2016,24300,24183.0,24100,28250,24300,24100,57600,103900,11.95,3319.5
671,21/12/2016,24400,24369.0,24200,21087,24500,24200,64000,84200,11.95,3319.5
672,20/12/2016,24500,24200.0,24200,509,24500,24200,35300,119800,11.95,3319.5
673,19/12/2016,24600,24293.0,24200,33602,24600,24200,124100,67400,11.95,3319.5
674,16/12/2016,24100,24027.0,24000,59100,24100,24000,105100,135500,11.95,3319.5
675,15/12/2016,24200,23987.0,24000,18008,24200,23800,30800,79200,11.95,3319.5
676,14/12/2016,24200,24002.0,24300,17330,24400,23800,38600,49600,11.95,3319.5
677,13/12/2016,24300,23895.0,23900,16602,24300,23800,33100,50100,11.95,3319.5
678,12/12/2016,23900,23966.0,24000,9810,24000,23900,19200,83900,11.95,3319.5
679,09/12/2016,24100,24114.0,24300,36500,24300,24000,50800,132600,11.95,3319.5
680,08/12/2016,24100,24280.0,24300,43067,24400,24000,67600,192600,11.95,3319.5
681,07/12/2016,24500,24417.0,24500,29800,24500,24300,244200,123200,11.95,3319.5
682,06/12/2016,24500,24600.0,24600,34140,24600,24500,208300,119800,11.95,3319.5
683,05/12/2016,24600,24766.0,24800,63420,25000,24500,193200,161300,11.95,3319.5
684,02/12/2016,25000,24561.0,24700,175086,25000,24500,318900,251900,11.95,3319.5
685,01/12/2016,24800,24848.0,24800,48640,24900,24800,147700,175800,11.95,3319.5
686,30/11/2016,25000,24897.0,24800,39075,25000,24800,104500,86100,11.95,3319.5
687,29/11/2016,25000,24847.0,24900,112465,25000,24800,156600,208900,11.95,3319.5
688,28/11/2016,25000,25000.0,24800,160300,25000,24700,185800,234500,11.95,3319.5
689,25/11/2016,25000,24946.0,24800,186155,25000,24800,280200,241100,11.95,3319.5
690,24/11/2016,25000,24792.0,24800,137201,25000,24700,184200,207600,11.95,3319.5
691,23/11/2016,25000,24708.0,24700,267254,25000,24600,306300,333500,11.95,3319.5
692,22/11/2016,24900,24761.0,24800,165465,25000,24700,209600,343200,11.95,3319.5
693,21/11/2016,25000,24908.0,24900,107600,25100,24700,171600,172300,11.95,3319.5
694,18/11/2016,25000,24965.0,24800,179181,25000,24800,213800,256100,11.95,3319.5
695,17/11/2016,25000,25000.0,24900,148188,25000,24800,178500,205800,11.95,3319.5
696,16/11/2016,25000,24932.0,24800,130700,25000,24800,206500,194700,11.95,3319.5
697,15/11/2016,25000,24867.0,24800,159300,25000,24700,206500,234200,11.95,3319.5
698,14/11/2016,25000,25000.0,25000,126027,25100,24900,183400,232300,11.95,3319.5
699,11/11/2016,25000,25091.0,25100,72069,25200,25000,159300,162300,11.95,3319.5
700,10/11/2016,25100,25206.0,25100,68983,25300,25100,150300,149100,11.95,3319.5
701,09/11/2016,25100,24956.0,24900,262969,25300,24500,472000,340900,11.95,3319.5
702,08/11/2016,25000,24961.0,24200,227512,25300,24000,403100,308900,11.95,3319.5
703,07/11/2016,24700,24861.0,24700,33870,24900,24700,83300,157500,11.95,3319.5
704,04/11/2016,25000,24727.0,24800,140813,25000,24600,188700,243200,11.95,3319.5
705,03/11/2016,25000,24706.0,24500,266048,25000,24300,329500,451900,11.95,3319.5
706,02/11/2016,24600,24761.0,24600,53507,24900,24600,59700,138200,11.95,3319.5
707,01/11/2016,24700,24733.0,24700,129098,24900,24500,150000,221700,11.95,3319.5
708,31/10/2016,24600,24730.0,26000,33100,26000,24600,68200,117000,11.95,3319.5
709,28/10/2016,24900,24893.0,25000,41167,25000,24700,123600,110000,11.95,3319.5
710,27/10/2016,24900,24680.0,24900,52667,24900,24600,97100,129400,11.95,3319.5
711,26/10/2016,24900,24755.0,24800,146120,24900,24700,219000,225400,11.95,3319.5
712,25/10/2016,25000,24896.0,24700,122424,25000,24700,195000,182900,11.95,3319.5
713,24/10/2016,25000,24692.0,25000,183231,25000,24500,201500,269600,11.95,3319.5
714,21/10/2016,25000,25086.0,25400,79663,25400,25000,160500,150900,11.95,3319.5
715,20/10/2016,25100,25226.0,25600,104270,25700,24000,167800,256200,11.95,3319.5
716,19/10/2016,25600,25583.0,25700,68770,25700,25400,170200,197600,11.95,3319.5
717,18/10/2016,25600,25758.0,25800,39613,26000,25600,170100,259400,11.95,3319.5
718,17/10/2016,26000,26041.0,25700,264200,26300,25700,382600,504900,11.95,3319.5
719,14/10/2016,25500,25457.0,25100,452142,25700,25100,647200,612300,11.95,3319.5
720,13/10/2016,25000,24920.0,24700,119440,25000,24600,347800,195600,11.95,3319.5
721,12/10/2016,25000,24784.0,25000,120756,25000,24700,224200,234500,11.95,3319.5
722,11/10/2016,25000,24641.0,24700,199999,25000,24500,284000,277700,11.95,3319.5
723,10/10/2016,24900,24884.0,25000,129493,25000,24800,191300,208200,11.95,3319.5
724,07/10/2016,25000,24713.0,24800,241566,25000,24500,393500,317300,11.95,3319.5
725,06/10/2016,24700,24804.0,24800,254834,25000,24700,311300,364100,11.95,3319.5
726,05/10/2016,24800,25005.0,25000,250550,25200,24800,259600,365800,11.95,3319.5
727,04/10/2016,25000,25170.0,25500,193468,25500,25000,228700,304700,11.95,3319.5
728,03/10/2016,25300,25298.0,25500,259490,25900,25000,284400,385900,11.95,3319.5
729,30/09/2016,25500,25676.0,26100,181796,26100,25500,252700,343800,11.95,3319.5
730,29/09/2016,25900,25968.0,25800,216674,26200,25800,271400,398600,11.95,3319.5
731,28/09/2016,25800,25618.0,25300,311750,26200,25300,402600,510700,11.95,3319.5
732,27/09/2016,25300,25380.0,25300,237516,25600,25300,315800,332700,11.95,3319.5
733,26/09/2016,25300,25314.0,25300,222159,25500,25200,310800,387200,11.95,3319.5
734,23/09/2016,25300,25600.0,25600,248110,25700,25300,306600,439400,11.95,3319.5
735,22/09/2016,25600,25732.0,26000,170460,26200,25500,254900,353200,11.95,3319.5
736,21/09/2016,25900,25537.0,25200,262132,25900,25200,419600,378100,11.95,3319.5
737,20/09/2016,25300,25232.0,25700,473100,25900,24900,572400,623300,11.95,3319.5
738,19/09/2016,25500,25985.0,26500,430690,26800,25500,516400,606400,11.95,3319.5
739,16/09/2016,28500,28638.0,28800,224582,28800,28500,309000,418100,11.95,3319.5
740,15/09/2016,28800,28904.0,28900,376432,29100,28600,476500,662500,11.95,3319.5
741,14/09/2016,28900,29127.0,29000,643338,29600,28800,739800,1062300,11.95,3319.5
742,13/09/2016,29000,28899.0,28400,519453,29100,28400,634300,691300,11.95,3319.5
743,12/09/2016,28400,28596.0,28900,209682,28900,28000,295700,441700,11.95,3319.5
744,09/09/2016,29000,29036.0,28900,783270,29300,28800,845400,1096100,11.95,3319.5
745,08/09/2016,28800,28791.0,29000,145285,29000,28500,212500,370400,11.95,3319.5
746,07/09/2016,28900,28300.0,28300,317220,28900,28200,560600,483500,11.95,3319.5
747,06/09/2016,28300,28634.0,29000,308275,29100,28300,364100,569700,11.95,3319.5
748,05/09/2016,28900,29002.0,29000,432720,29300,28500,586100,631500,11.95,3319.5
749,01/09/2016,29000,29248.0,29200,415655,29600,29000,505200,766100,11.95,3319.5
750,31/08/2016,29100,28668.0,28600,437720,29400,28000,640000,637300,11.95,3319.5
751,30/08/2016,28500,28567.0,28500,440321,28900,28200,627000,626900,11.95,3319.5
752,29/08/2016,28300,28965.0,28500,945821,29500,28300,1043100,1217800,11.95,3319.5
753,26/08/2016,28100,28054.0,27300,771023,28400,27300,903900,977300,11.95,3319.5
754,25/08/2016,27300,27107.0,26700,523650,27800,26400,672500,667700,11.95,3319.5
755,24/08/2016,26400,26446.0,26300,257098,26700,26300,507400,379800,11.95,3319.5
756,23/08/2016,26000,26137.0,25900,304150,26500,25900,438000,519000,11.95,3319.5
757,22/08/2016,26000,26037.0,26400,263200,26400,25900,379400,484900,11.95,3319.5
758,19/08/2016,26400,26800.0,26800,148700,26800,26400,210900,337000,11.95,3319.5
759,18/08/2016,26800,26931.0,27000,336077,27400,26700,432800,645300,11.95,3319.5
760,17/08/2016,27000,26847.0,26300,477209,27300,26200,727300,670800,11.95,3319.5
761,16/08/2016,26400,26281.0,26000,389423,26500,26000,505600,617700,11.95,3319.5
762,15/08/2016,25900,25979.0,26000,152945,26300,25800,238300,387100,11.95,3319.5
763,12/08/2016,25900,25824.0,25200,384557,26500,25100,538300,545800,11.95,3319.5
764,11/08/2016,25100,25097.0,25100,284321,25300,25000,422300,372200,11.95,3319.5
765,10/08/2016,25100,25049.0,25100,93200,25300,25000,189000,162000,11.95,3319.5
766,09/08/2016,25200,25057.0,25000,93423,25300,24900,198900,171300,11.95,3319.5
767,08/08/2016,24800,24956.0,25000,130620,25000,24800,210700,205700,11.95,3319.5
768,05/08/2016,25000,25028.0,25100,220010,25200,24900,366100,309400,11.95,3319.5
769,04/08/2016,25200,25246.0,25500,120070,25500,25100,253700,204400,11.95,3319.5
770,03/08/2016,25100,25082.0,25200,375838,25300,24800,468900,471100,11.95,3319.5
771,02/08/2016,25200,25564.0,26000,574850,26000,25000,615800,760400,11.95,3319.5
772,01/08/2016,26300,26365.0,26400,110949,26500,26200,199600,231000,11.95,3319.5
773,29/07/2016,26500,26449.0,26400,83568,26700,26300,333500,201900,11.95,3319.5
774,28/07/2016,26400,26157.0,26700,965325,26800,26000,1264100,1125100,11.95,3319.5
775,27/07/2016,26800,27031.0,26800,165416,27300,26800,270300,373000,11.95,3319.5
776,26/07/2016,27000,27151.0,26500,468846,27800,26500,580700,751600,11.95,3319.5
777,25/07/2016,26500,26490.0,25900,557847,26800,25900,734500,771400,11.95,3319.5
778,22/07/2016,25900,25900.0,26100,95385,26100,25400,169000,193800,11.95,3319.5
779,21/07/2016,25900,26120.0,25500,622780,26500,25500,721100,792800,11.95,3319.5
780,20/07/2016,25800,25597.0,25400,119530,25800,25300,227100,243100,11.95,3319.5
781,19/07/2016,25300,25563.0,25600,228142,26000,25200,290400,343900,11.95,3319.5
782,18/07/2016,25800,25661.0,25600,14200,26000,25500,51500,122200,11.95,3319.5
783,15/07/2016,25800,25586.0,25700,53690,25800,25400,116700,182500,11.95,3319.5
784,14/07/2016,25600,26160.0,25600,546181,26900,25600,599400,948000,11.95,3319.5
785,13/07/2016,25400,25590.0,25300,107749,25800,25300,172500,206700,11.95,3319.5
786,12/07/2016,25300,25426.0,25800,129447,25800,25200,190000,182000,11.95,3319.5
787,11/07/2016,25800,25857.0,26100,109234,26200,25600,159600,211400,11.95,3319.5
788,08/07/2016,26000,25984.0,25500,254094,26300,25500,327600,480100,11.95,3319.5
789,07/07/2016,25300,25302.0,25200,95549,25400,25200,167500,196000,11.95,3319.5
790,06/07/2016,25300,25352.0,25300,30188,25500,25200,73900,212500,11.95,3319.5
791,05/07/2016,25500,25447.0,25400,65290,25600,25400,142700,118600,11.95,3319.5
792,04/07/2016,25400,25335.0,25400,56000,25700,25100,133700,235300,11.95,3319.5
793,01/07/2016,25300,25185.0,25100,82687,25500,25000,183300,222700,11.95,3319.5
794,30/06/2016,25100,25357.0,25500,72835,25500,25100,135900,285200,11.95,3319.5
795,29/06/2016,25100,24796.0,24600,67978,25200,24400,168600,125600,11.95,3319.5
796,28/06/2016,24700,24599.0,24500,48081,24700,24500,107600,117400,11.95,3319.5
797,27/06/2016,24600,24378.0,24500,172595,24600,24100,235100,226200,11.95,3319.5
798,24/06/2016,24500,23916.0,24600,540250,24600,22300,694800,558900,11.95,3319.5
799,23/06/2016,24700,24736.0,24800,65391,24800,24600,98600,120100,11.95,3319.5
800,22/06/2016,24800,24846.0,25200,22445,25200,24700,63500,112000,11.95,3319.5
801,21/06/2016,25000,25052.0,25500,85206,25500,24900,99500,192100,11.95,3319.5
802,20/06/2016,24900,24774.0,24300,44774,24900,24300,100000,78300,11.95,3319.5
803,17/06/2016,24600,24699.0,24900,117716,24900,24600,134100,160900,11.95,3319.5
804,16/06/2016,24900,25180.0,25100,208770,25300,24900,216800,324800,11.95,3319.5
805,15/06/2016,25300,25173.0,25100,49400,25300,25100,374700,165000,11.95,3319.5
806,14/06/2016,25400,25255.0,25100,96818,25400,25100,383700,223100,11.95,3319.5
807,13/06/2016,25100,25292.0,24600,163218,25600,24600,423300,360700,11.95,3319.5
808,10/06/2016,26100,26066.0,26200,71979,26200,25900,336000,162400,11.95,3319.5
809,09/06/2016,26200,26122.0,26800,211041,26800,25600,446100,365300,11.95,3319.5
810,08/06/2016,26200,26065.0,25100,1654762,27000,25100,1820700,1781900,11.95,3319.5
811,07/06/2016,24900,25000.0,25000,32890,25100,24900,67900,89900,11.95,3319.5
812,06/06/2016,25000,24997.0,25000,21827,25400,24900,50900,70800,11.95,3319.5
813,03/06/2016,25000,25050.0,24900,47464,25300,24900,78000,87800,11.95,3319.5
814,02/06/2016,25300,25015.0,25000,37615,25300,24900,85300,75900,11.95,3319.5
815,01/06/2016,25000,24830.0,24700,26324,25000,24700,101400,85300,11.95,3319.5
816,31/05/2016,25000,25438.0,25300,23967,25500,25000,161100,128100,11.95,3319.5
817,30/05/2016,25000,25000.0,25000,19800,25000,25000,62700,53900,11.95,3319.5
818,27/05/2016,25000,24993.0,24700,82736,25000,24700,129900,117100,11.95,3319.5
819,26/05/2016,24900,24936.0,24900,73235,25000,24700,117100,104100,11.95,3319.5
820,25/05/2016,25000,24991.0,24900,28550,25000,24900,80500,84600,11.95,3319.5
821,24/05/2016,25000,24976.0,25000,58700,25000,24900,99200,106100,11.95,3319.5
822,23/05/2016,25000,24915.0,24900,44550,25000,24900,118000,64100,11.95,3319.5
823,20/05/2016,24900,24963.0,25000,90901,25000,24900,173200,164000,11.95,3319.5
824,19/05/2016,24900,25100.0,25000,45275,25000,24800,104400,135700,11.95,3319.5
825,18/05/2016,25100,25119.0,25500,35638,25500,25000,74300,125000,11.95,3319.5
826,17/05/2016,25500,25000.0,25100,59923,25500,25100,172600,148900,11.95,3319.5
827,16/05/2016,25000,24982.0,25000,148112,25100,24800,202200,217600,11.95,3319.5
828,13/05/2016,25000,24946.0,24500,187947,25100,24500,206900,251700,11.95,3319.5
829,12/05/2016,25100,24900.0,24800,140080,25200,24700,187900,245300,11.95,3319.5
830,11/05/2016,24900,24725.0,25000,51980,25000,24600,129900,128300,11.95,3319.5
831,10/05/2016,24600,24487.0,24400,53554,24600,24400,111800,91900,11.95,3319.5
832,09/05/2016,24500,24678.0,24700,28291,24700,24500,65100,101600,11.95,3319.5
833,06/05/2016,24700,24756.0,25000,60600,25000,24600,158900,162400,11.95,3319.5
834,05/05/2016,25100,25120.0,25400,14808,25400,25000,29100,165500,11.95,3319.5
835,04/05/2016,25100,25303.0,25500,55100,25600,25000,99600,175400,11.95,3319.5
836,29/04/2016,25600,25507.0,25100,198009,26200,25000,277100,408400,11.95,3319.5
837,28/04/2016,25200,24748.0,24500,170065,25200,24100,277700,205700,11.95,3319.5
838,27/04/2016,24400,24350.0,24400,85520,24600,24300,137900,150800,11.95,3319.5
839,26/04/2016,24400,24628.0,24800,173322,24900,24400,239600,271500,11.95,3319.5
840,25/04/2016,24900,24859.0,25200,178077,25500,24600,217800,283200,11.95,3319.5
841,22/04/2016,25100,24787.0,24700,241120,25200,24600,317600,318400,11.95,3319.5
842,21/04/2016,24700,24761.0,24900,221251,25200,24500,275600,323400,11.95,3319.5
843,20/04/2016,24800,24733.0,25000,174258,25000,24600,214200,219800,11.95,3319.5
844,19/04/2016,24900,25154.0,25500,52910,25500,24900,110300,191700,11.95,3319.5
845,15/04/2016,25300,25369.0,25000,88379,25500,25000,129200,220700,11.95,3319.5
846,14/04/2016,25500,25296.0,24600,152553,25500,24600,240700,265000,11.95,3319.5
847,13/04/2016,24700,24661.0,24700,223611,24700,24500,315500,282100,11.95,3319.5
848,12/04/2016,24700,24675.0,24500,279779,25500,24500,355200,339100,11.95,3319.5
849,11/04/2016,24500,24533.0,24600,296160,24800,24400,359900,404200,11.95,3319.5
850,08/04/2016,24500,24518.0,24500,260210,24600,24400,315200,340900,11.95,3319.5
851,07/04/2016,24600,24449.0,24900,76015,24900,24300,152000,214900,11.95,3319.5
852,06/04/2016,24700,24470.0,25000,66100,25000,24300,117500,220900,11.95,3319.5
853,05/04/2016,24400,24200.0,24200,290856,24600,24200,356700,402400,11.95,3319.5
854,04/04/2016,24200,24194.0,24000,257881,24300,24000,383300,340500,11.95,3319.5
855,01/04/2016,24300,24646.0,24600,230400,25000,24200,288600,356600,11.95,3319.5
856,31/03/2016,24700,24943.0,25100,139465,25100,24600,164700,327400,11.95,3319.5
857,30/03/2016,25200,25030.0,25100,94301,25200,25000,117100,201500,11.95,3319.5
858,29/03/2016,25200,25177.0,25300,132110,25500,25000,152400,217900,11.95,3319.5
859,28/03/2016,25200,25316.0,25300,70610,25400,25200,106600,135200,11.95,3319.5
860,25/03/2016,25100,25207.0,25000,149112,25800,25000,223200,235100,11.95,3319.5
861,24/03/2016,25200,25339.0,25200,222140,25800,25000,315400,292700,11.95,3319.5
862,23/03/2016,25200,25344.0,25500,251410,25600,25100,329700,315700,11.95,3319.5
863,22/03/2016,25500,25644.0,26000,223900,26000,25400,275300,301600,11.95,3319.5
864,21/03/2016,26000,26359.0,26500,142410,26600,26000,170100,256700,11.95,3319.5
865,18/03/2016,26600,26363.0,26400,134705,26600,26200,153400,231600,11.95,3319.5
866,17/03/2016,26300,26586.0,26100,257755,26800,26100,327200,412900,11.95,3319.5
867,16/03/2016,26200,26350.0,26500,282956,26700,26000,327700,412200,11.95,3319.5
868,15/03/2016,26600,26659.0,26900,244000,26900,26500,288000,341500,11.95,3319.5
869,14/03/2016,26900,27102.0,27000,437250,27300,26900,461600,679200,11.95,3319.5
870,11/03/2016,26900,27011.0,26900,631138,27900,26600,819300,819300,11.95,3319.5
871,10/03/2016,26800,26700.0,26700,310275,27000,26400,397400,448200,11.95,3319.5
872,09/03/2016,26700,27400.0,27000,286730,27300,26700,320800,571900,11.95,3319.5
873,08/03/2016,27400,27310.0,27500,189831,27700,26800,261500,312800,11.95,3319.5
874,07/03/2016,27500,27703.0,27700,424901,28200,27300,499800,692000,11.95,3319.5
875,04/03/2016,27600,27400.0,26800,557232,28000,26600,653300,672300,11.95,3319.5
876,03/03/2016,26900,26951.0,27200,126084,27400,26800,188100,350100,11.95,3319.5
877,02/03/2016,27100,26988.0,27400,266621,27400,26600,320400,446300,11.95,3319.5
878,01/03/2016,26900,26411.0,25200,942507,27000,25200,1098500,1150000,11.95,3319.5
879,29/02/2016,25200,24752.0,24800,328030,25200,24700,404000,416200,11.95,3319.5
880,26/02/2016,24700,24787.0,24800,113100,25000,24700,126100,216800,11.95,3319.5
881,25/02/2016,24700,24800.0,24700,204200,24800,24500,291800,234100,11.95,3319.5
882,24/02/2016,24800,24668.0,24500,111360,24800,24500,197900,187200,11.95,3319.5
883,23/02/2016,24700,24778.0,24800,148500,25000,24600,209200,251800,11.95,3319.5
884,22/02/2016,24800,24852.0,25000,175800,25100,24700,226200,300400,11.95,3319.5
885,19/02/2016,24700,25000.0,25000,109150,25200,24600,266400,224200,11.95,3319.5
886,18/02/2016,25100,25368.0,25200,134201,25500,25100,212800,335900,11.95,3319.5
887,17/02/2016,24700,24914.0,24500,60699,25000,24500,116000,157000,11.95,3319.5
888,16/02/2016,24500,24704.0,25000,133400,25000,24500,262600,212000,11.95,3319.5
889,15/02/2016,24900,24978.0,25000,49280,25100,24800,138700,163800,11.95,3319.5
890,05/02/2016,25000,24961.0,25000,154310,25000,24600,209000,220800,11.95,3319.5
891,04/02/2016,24900,24900.0,25100,111116,25100,24900,180300,227500,11.95,3319.5
892,03/02/2016,24900,24747.0,24000,61400,24900,24000,136800,137500,11.95,3319.5
893,02/02/2016,24900,24888.0,24800,60550,25000,24800,176100,203600,11.95,3319.5
894,01/02/2016,25100,24824.0,25100,124195,25100,24600,184900,333300,11.95,3319.5
895,29/01/2016,25100,25054.0,25100,64900,25200,24900,244200,266200,11.95,3319.5
896,28/01/2016,25100,25100.0,25100,482627,25600,25100,559400,696600,11.95,3319.5
897,27/01/2016,25100,24700.0,24400,1184692,25700,24400,1259900,1617600,11.95,3319.5
898,26/01/2016,24700,24971.0,24600,336315,25100,24500,373000,606900,11.95,3319.5
899,25/01/2016,25100,25095.0,25000,424050,25500,24900,498500,586700,11.95,3319.5
900,22/01/2016,24500,23783.0,23500,442015,24500,23400,552500,486100,11.95,3319.5
901,21/01/2016,23400,23470.0,23400,406500,23500,23300,468500,508300,11.95,3319.5
902,20/01/2016,23500,23800.0,23600,210679,24100,23500,248100,323300,11.95,3319.5
903,19/01/2016,23800,23494.0,23000,186910,24000,23000,363300,345900,11.95,3319.5
904,18/01/2016,23000,23668.0,25000,425600,25000,22900,523300,522300,11.95,3319.5
905,15/01/2016,25000,25026.0,25100,234672,25100,24800,345900,401000,11.95,3319.5
906,14/01/2016,25000,25047.0,25100,327943,25300,24900,496100,488600,11.95,3319.5
907,13/01/2016,25400,25692.0,25400,473535,25900,25100,580800,1139700,11.95,3319.5
908,12/01/2016,25100,25100.0,25100,169646,25200,25000,273200,802400,11.95,3319.5
909,11/01/2016,25100,25411.0,25000,211780,25700,25000,290200,729200,11.95,3319.5
910,08/01/2016,25000,25000.0,24900,591300,25400,24500,816000,1145000,11.95,3319.5
911,07/01/2016,25000,25532.0,25900,648514,25900,25000,768100,1225200,11.95,3319.5
912,06/01/2016,25900,25713.0,25400,406290,25900,25400,667200,899600,11.95,3319.5
913,05/01/2016,25500,25800.0,25800,511861,26000,25500,596100,1123200,11.95,3319.5
914,04/01/2016,25800,25931.0,25500,777596,26200,25500,961100,1400300,11.95,3319.5
